Date,Open,High,Low,Close,Volume,Dividends,Stock Splits,daily_return,cum_return,middle_band,upper_band,lower_band,Conversion,Baseline,SpanA,SpanB,Lagging
2017-02-06,7.5,7.699999809265137,7.199999809265137,7.599999904632568,5820,0,0.0,,,,,,,,,,6.099999904632568
2017-02-07,7.599999904632568,7.800000190734863,7.300000190734863,7.5,6560,0,0.0,-0.013157882353605488,0.9868421176463945,,,,,,,,6.0
2017-02-08,7.400000095367432,7.699999809265137,7.300000190734863,7.300000190734863,6010,0,0.0,-0.026666641235351562,0.9605263529391835,,,,,,,,5.900000095367432
2017-02-09,7.400000095367432,7.599999904632568,7.300000190734863,7.599999904632568,4490,0,0.0,0.04109585014510864,1.0,,,,,,,,6.0
2017-02-10,7.599999904632568,7.699999809265137,7.400000095367432,7.400000095367432,7240,0,0.0,-0.026315764707210976,0.973684235292789,,,,,,,,5.800000190734863
2017-02-13,7.400000095367432,7.599999904632568,7.300000190734863,7.400000095367432,900,0,0.0,0.0,0.973684235292789,,,,,,,,5.599999904632568
2017-02-14,7.400000095367432,7.699999809265137,7.300000190734863,7.699999809265137,2280,0,0.0,0.04054050135560283,1.0131578823536054,,,,,,,,5.699999809265137
2017-02-15,7.5,7.599999904632568,7.400000095367432,7.5,2320,0,0.0,-0.025974001846660322,0.9868421176463944,,,,,,,,5.800000190734863
2017-02-16,7.400000095367432,7.699999809265137,7.300000190734863,7.400000095367432,3190,0,0.0,-0.013333320617675781,0.9736842352927889,,,,7.5,,,,5.800000190734863
2017-02-17,7.400000095367432,7.599999904632568,7.400000095367432,7.400000095367432,3020,0,0.0,0.0,0.9736842352927889,,,,7.550000190734863,,,,5.800000190734863
2017-02-21,7.5,7.599999904632568,7.199999809265137,7.300000190734863,8850,0,0.0,-0.01351350045186761,0.9605263529391834,,,,7.449999809265137,,,,6.199999809265137
2017-02-22,7.300000190734863,7.5,7.199999809265137,7.300000190734863,8580,0,0.0,0.0,0.9605263529391834,,,,7.449999809265137,,,,6.900000095367432
2017-02-23,7.5,7.5,7.199999809265137,7.199999809265137,4100,0,0.0,-0.0136986820351932,0.9473684078438458,,,,7.449999809265137,,,,4.5
2017-02-24,7.0,7.699999809265137,7.0,7.699999809265137,13920,0,0.0,0.06944444628409396,1.0131578823536054,,,,7.349999904632568,,,,4.300000190734863
2017-02-27,7.699999809265137,7.699999809265137,7.099999904632568,7.599999904632568,9840,0,0.0,-0.012987000923330161,0.9999999999999999,,,,7.349999904632568,,,,4.0
2017-02-28,7.599999904632568,7.599999904632568,6.900000095367432,7.099999904632568,30030,0,0.0,-0.06578947450975958,0.9342105254902403,,,,7.299999952316284,,,,4.199999809265137
2017-03-01,7.199999809265137,7.199999809265137,7.0,7.0,4600,0,0.0,-0.01408449379940424,0.9210526431366348,,,,7.299999952316284,,,,4.599999904632568
2017-03-02,7.0,7.099999904632568,7.0,7.099999904632568,3790,0,0.0,0.014285700661795575,0.9342105254902404,,,,7.299999952316284,,,,4.400000095367432
2017-03-03,7.099999904632568,7.099999904632568,6.900000095367432,7.0,9180,0,0.0,-0.01408449379940424,0.9210526431366349,,,,7.299999952316284,,,,4.300000190734863
2017-03-06,6.900000095367432,6.900000095367432,6.400000095367432,6.5,37410,0,0.0,-0.0714285714285714,0.8552631686268753,7.329999995231629,7.8991286978571695,6.760871292606088,7.049999952316284,,,,4.199999809265137
2017-03-07,6.400000095367432,6.599999904632568,6.400000095367432,6.400000095367432,24790,0,0.0,-0.015384600712702867,0.8421052862732699,7.270000004768372,7.955188940804349,6.584811068732395,7.049999952316284,,,,4.400000095367432
2017-03-08,6.400000095367432,6.5,6.400000095367432,6.400000095367432,6080,0,0.0,0.0,0.8421052862732699,7.215000009536743,7.989333771601153,6.440666247472333,7.049999952316284,,,,4.400000095367432
2017-03-09,6.5,6.5,6.199999809265137,6.400000095367432,11690,0,0.0,0.0,0.8421052862732699,7.170000004768371,8.021024416491342,6.318975593045401,6.949999809265137,,,,4.400000095367432
2017-03-10,6.300000190734863,6.5,6.199999809265137,6.199999809265137,11570,0,0.0,-0.03125004423782163,0.8157894588243267,7.1,8.025895952270394,6.174104047729604,6.8999998569488525,,,,4.199999809265137
2017-03-13,6.400000095367432,6.5,6.099999904632568,6.099999904632568,11650,0,0.0,-0.016129017372408794,0.8026315764707213,7.034999990463257,8.047023086513356,6.022976894413158,6.6499998569488525,,,,4.0
2017-03-14,6.300000190734863,6.300000190734863,5.900000095367432,6.099999904632568,20390,0,0.0,0.0,0.8026315764707213,6.969999980926514,8.045605925670003,5.894394036183025,6.5,6.8500001430511475,,,4.099999904632568
2017-03-15,5.900000095367432,6.199999809265137,5.900000095367432,6.099999904632568,9310,0,0.0,0.0,0.8026315764707213,6.889999985694885,7.974591345812229,5.805408625577542,6.5,6.8500001430511475,,,4.0
2017-03-16,6.0,6.099999904632568,6.0,6.0,8550,0,0.0,-0.01639342724524051,0.7894736941171158,6.814999985694885,7.927884379026938,5.702115592362832,6.400000095367432,6.799999952316284,,,4.400000095367432
2017-03-17,6.199999809265137,6.300000190734863,5.900000095367432,5.900000095367432,25140,0,0.0,-0.016666650772094727,0.7763158117635103,6.739999985694885,7.887104636580044,5.592895334809726,6.25,6.799999952316284,,,4.400000095367432
2017-03-20,5.800000190734863,6.199999809265137,5.800000190734863,6.0,3570,0,0.0,0.016949136104436047,0.7894736941171158,6.669999980926514,7.81833777812002,5.521662183733008,6.150000095367432,6.75,,,4.5
2017-03-21,6.0,6.0,5.5,5.800000190734863,12150,0,0.0,-0.03333330154418945,0.7631579294099048,6.594999980926514,7.764923680975777,5.425076280877251,6.0,6.599999904632568,,,4.400000095367432
2017-03-22,5.800000190734863,5.900000095367432,5.300000190734863,5.599999904632568,14140,0,0.0,-0.0344828068146934,0.7368421019609617,6.509999966621399,7.709660108730683,5.3103398245121145,5.900000095367432,6.5,,,4.400000095367432
2017-03-23,5.5,6.099999904632568,5.400000095367432,5.699999809265137,11570,0,0.0,0.017857126131349377,0.7499999843145672,6.434999966621399,7.64033491653644,5.229665016706359,5.900000095367432,6.5,,,4.099999904632568
2017-03-24,5.800000190734863,6.099999904632568,5.599999904632568,5.800000190734863,6640,0,0.0,0.017543927160695638,0.7631579294099048,6.339999985694885,7.423658778436939,5.256341192952831,5.800000190734863,6.5,,,4.199999809265137
2017-03-27,5.900000095367432,5.900000095367432,5.599999904632568,5.800000190734863,5280,0,0.0,0.0,0.7631579294099048,6.25,7.187829479914775,5.312170520085225,5.800000190734863,6.5,,,4.099999904632568
2017-03-28,5.900000095367432,5.900000095367432,5.599999904632568,5.800000190734863,13550,0,0.0,0.0,0.7631579294099048,6.185000014305115,7.055230214968699,5.314769813641531,5.800000190734863,6.5,,,4.099999904632568
2017-03-29,5.699999809265137,6.199999809265137,5.699999809265137,6.199999809265137,8410,0,0.0,0.0689654492027858,0.8157894588243267,6.145000004768372,6.9302240039230245,5.359776005613719,5.800000190734863,6.5,,,4.300000190734863
2017-03-30,6.199999809265137,7.0,6.199999809265137,6.900000095367432,27310,0,0.0,0.1129032754253041,0.9078947607830294,6.135000014305115,6.874610463800948,5.395389564809282,6.150000095367432,6.5,,,4.300000190734863
2017-03-31,5.0,5.0,4.199999809265137,4.5,165290,0,0.0,-0.34782609597045655,0.5921052705878368,6.010000014305115,6.944373685691963,5.075626342918267,5.599999904632568,5.949999809265137,,,4.400000095367432
2017-04-03,4.599999904632568,4.699999809265137,4.300000190734863,4.300000190734863,69080,0,0.0,-0.04444440205891931,0.5657895058806258,5.900000023841858,7.06910256076385,4.730897486919866,5.599999904632568,5.949999809265137,,,4.599999904632568
2017-04-04,4.300000190734863,4.300000190734863,3.900000095367432,4.0,79250,0,0.0,-0.06976748312273762,0.5263157960780772,5.780000019073486,7.189938600793996,4.370061437352977,5.450000047683716,5.75,,,5.300000190734863
2017-04-05,4.199999809265137,4.5,4.099999904632568,4.199999809265137,33540,0,0.0,0.04999995231628418,0.5526315607852882,5.670000004768371,7.208187646836031,4.131812362700712,5.450000047683716,5.549999952316284,,,5.0
2017-04-06,4.400000095367432,4.599999904632568,4.199999809265137,4.599999904632568,31430,0,0.0,0.09523812226968142,0.6052631529414424,5.579999995231629,7.147484124340663,4.012515866122595,5.450000047683716,5.5,,,5.099999904632568
2017-04-07,4.599999904632568,4.699999809265137,4.300000190734863,4.400000095367432,12390,0,0.0,-0.04347822030685711,0.5789473882342314,5.490000009536743,7.1111288751736,3.868871143899886,5.450000047683716,5.5,,,4.400000095367432
2017-04-10,4.300000190734863,4.599999904632568,4.199999809265137,4.300000190734863,18510,0,0.0,-0.022727250560256596,0.5657895058806259,5.400000023841858,7.0752283258608015,3.724771721822914,5.450000047683716,5.450000047683716,,,4.199999809265137
2017-04-11,4.300000190734863,4.5,4.199999809265137,4.199999809265137,11860,0,0.0,-0.023255901635817477,0.5526315607852883,5.3050000190734865,7.026038890827993,3.5839611473189796,5.450000047683716,5.450000047683716,,,4.0
2017-04-12,4.199999809265137,4.400000095367432,4.199999809265137,4.400000095367432,5860,0,0.0,0.04761911790117157,0.5789473882342314,5.2200000286102295,6.943533569376825,3.4964664878436342,4.450000047683716,5.450000047683716,,,4.400000095367432
2017-04-13,4.400000095367432,4.699999809265137,4.199999809265137,4.400000095367432,29050,0,0.0,0.0,0.5789473882342314,5.140000033378601,6.859775521576074,3.4202245451811275,4.299999952316284,5.450000047683716,,,4.300000190734863
2017-04-17,4.300000190734863,4.599999904632568,4.199999809265137,4.400000095367432,13480,0,0.0,0.0,0.5789473882342314,5.065000033378601,6.776378335275757,3.353621731481445,4.299999952316284,5.450000047683716,,,4.300000190734863
2017-04-18,4.5,4.5,4.199999809265137,4.199999809265137,15060,0,0.0,-0.04545460949259217,0.5526315607852883,4.975000023841858,6.66928016828496,3.280719879398756,4.3999998569488525,5.450000047683716,,,4.5
2017-04-19,4.199999809265137,4.400000095367432,4.0,4.0,11570,0,0.0,-0.04761900436850974,0.5263157960780773,4.885000014305115,6.585712105692986,3.184287922917244,4.349999904632568,5.450000047683716,,,4.400000095367432
2017-04-20,4.0,4.300000190734863,4.0,4.099999904632568,14670,0,0.0,0.02499997615814209,0.5394736784316828,4.810000014305115,6.510266247359274,3.1097337812509562,4.349999904632568,5.450000047683716,6.675000071525574,,4.5
2017-04-21,4.0,4.199999809265137,4.0,4.0,17980,0,0.0,-0.02439022120941492,0.5263157960780773,4.725000023841858,6.408505652264481,3.0414943954192344,4.349999904632568,5.450000047683716,6.675000071525574,,4.300000190734863
2017-04-24,4.099999904632568,4.800000190734863,4.0,4.400000095367432,66900,0,0.0,0.10000002384185791,0.5789473882342315,4.655000019073486,6.268095676649912,3.041904361497061,4.400000095367432,5.450000047683716,6.600000023841858,,4.5
2017-04-25,4.400000095367432,4.599999904632568,4.199999809265137,4.400000095367432,19510,0,0.0,0.0,0.5789473882342315,4.585000014305114,6.111543448935141,3.058456579675088,4.400000095367432,5.450000047683716,6.524999976158142,,4.199999809265137
2017-04-26,4.199999809265137,4.599999904632568,4.099999904632568,4.5,18820,0,0.0,0.022727250560256484,0.592105270587837,4.520000004768372,5.939941348359147,3.100058661177597,4.400000095367432,5.450000047683716,6.450000047683716,,4.400000095367432
2017-04-27,4.599999904632568,4.699999809265137,4.300000190734863,4.400000095367432,20040,0,0.0,-0.0222222010294596,0.5789473882342315,4.4300000190734865,5.619844891831595,3.240155146315378,4.400000095367432,5.450000047683716,6.299999952316284,,4.300000190734863
2017-04-28,4.400000095367432,4.599999904632568,4.199999809265137,4.400000095367432,23460,0,0.0,0.0,0.5789473882342315,4.3050000190734865,4.650240144348053,3.9597598937989202,4.400000095367432,5.450000047683716,6.200000047683716,,4.099999904632568
2017-05-01,4.5,4.5,4.099999904632568,4.099999904632568,15150,0,0.0,-0.06818186005284876,0.5394736784316828,4.285000014305115,4.629066863077963,3.9409331655322664,4.400000095367432,5.450000047683716,6.200000047683716,,4.199999809265137
2017-05-02,4.099999904632568,4.300000190734863,4.0,4.199999809265137,5240,0,0.0,0.02439022120941492,0.5526315607852883,4.279999995231629,4.6259714293264755,3.934028561136782,4.400000095367432,5.450000047683716,6.150000095367432,,4.199999809265137
2017-05-03,4.0,4.199999809265137,4.0,4.099999904632568,9430,0,0.0,-0.023809502184254927,0.5394736784316828,4.284999990463257,4.617106042817925,3.95289393810859,4.400000095367432,5.450000047683716,6.150000095367432,,4.599999904632568
2017-05-04,4.099999904632568,4.199999809265137,4.0,4.099999904632568,17160,0,0.0,0.0,0.5394736784316828,4.279999995231629,4.620077120967649,3.939922869495608,4.400000095367432,5.450000047683716,6.150000095367432,,4.199999809265137
2017-05-05,4.099999904632568,4.400000095367432,4.0,4.300000190734863,33010,0,0.0,0.048780558720578515,0.565789505880626,4.2650000095367435,4.5717886787240145,3.958211340349472,4.349999904632568,5.450000047683716,6.150000095367432,,4.099999904632568
2017-05-08,4.5,4.5,4.199999809265137,4.300000190734863,17030,0,0.0,0.0,0.565789505880626,4.260000014305115,4.56096673974831,3.9590332888619204,4.349999904632568,4.450000047683716,6.325000047683716,,4.099999904632568
2017-05-09,4.300000190734863,4.5,4.300000190734863,4.400000095367432,4970,0,0.0,0.02325579074346007,0.5789473882342315,4.2650000095367435,4.5717886787240145,3.958211340349472,4.349999904632568,4.3500001430511475,5.7749998569488525,,4.300000190734863
2017-05-10,4.5,4.699999809265137,4.400000095367432,4.599999904632568,18750,0,0.0,0.04545450112051319,0.6052631529414426,4.285000014305115,4.623139356387202,3.9468606722230275,4.349999904632568,4.3500001430511475,5.7749998569488525,,4.199999809265137
2017-05-11,4.699999809265137,5.5,4.5,5.300000190734863,51360,0,0.0,0.15217397839450797,0.6973684549001454,4.330000019073486,4.888369343648083,3.7716306944988887,4.75,4.75,5.600000023841858,,4.199999809265137
2017-05-12,5.199999809265137,5.199999809265137,5.0,5.0,14000,0,0.0,-0.05660380753557426,0.6578947450975968,4.360000014305115,4.990800309362934,3.7291997192472963,4.75,4.75,5.5,,4.199999809265137
2017-05-15,5.099999904632568,5.5,5.0,5.099999904632568,42410,0,0.0,0.019999980926513672,0.6710526274512023,4.395000004768372,5.104472196852892,3.6855278126838527,4.75,4.75,5.475000023841858,,4.0
2017-05-16,5.0,5.0,4.199999809265137,4.400000095367432,30430,0,0.0,-0.1372548671283884,0.5789473882342316,4.405000019073486,5.10874940344543,3.701250634701542,4.75,4.75,5.475000023841858,,4.400000095367432
2017-05-17,4.300000190734863,4.5,4.199999809265137,4.199999809265137,11550,0,0.0,-0.04545460949259217,0.5526315607852885,4.415000009536743,5.10070527880864,3.7292947402648466,4.75,4.75,5.450000047683716,,4.400000095367432
2017-05-18,4.099999904632568,4.400000095367432,4.0,4.0,4950,0,0.0,-0.04761900436850974,0.5263157960780775,4.410000014305115,5.106312043197315,3.713687985412914,4.75,4.75,5.450000047683716,,4.400000095367432
2017-05-19,4.300000190734863,4.400000095367432,4.099999904632568,4.400000095367432,10400,0,0.0,0.10000002384185791,0.5789473882342318,4.4300000190734865,5.100272419475547,3.759727618671426,4.75,4.75,4.950000047683716,,4.5
2017-05-22,4.400000095367432,4.5,4.099999904632568,4.300000190734863,21360,0,0.0,-0.022727250560256596,0.5657895058806263,4.425000023841858,5.097606163924678,3.7523938837590376,4.75,4.75,4.875,,4.599999904632568
2017-05-23,4.400000095367432,4.400000095367432,4.199999809265137,4.300000190734863,10560,0,0.0,0.0,0.5657895058806263,4.42000002861023,5.094782037503059,3.7452180197174,4.75,4.75,4.875,,4.599999904632568
2017-05-24,4.300000190734863,4.5,4.300000190734863,4.5,9390,0,0.0,0.04651158148692014,0.5921052705878372,4.42000002861023,5.094782037503059,3.7452180197174,4.75,4.75,4.924999952316284,,4.599999904632568
2017-05-25,4.5,4.699999809265137,4.099999904632568,4.400000095367432,6110,0,0.0,-0.0222222010294596,0.5789473882342318,4.42000002861023,5.094782037503059,3.7452180197174,4.75,4.75,4.899999976158142,,4.5
2017-05-26,4.400000095367432,4.5,4.199999809265137,4.5,7690,0,0.0,0.022727250560256484,0.5921052705878372,4.425000023841858,5.10060553110026,3.7493945165834566,4.5,4.75,4.899999976158142,5.8500001430511475,4.300000190734863
2017-05-30,4.5,4.599999904632568,4.199999809265137,4.300000190734863,7510,0,0.0,-0.04444440205891931,0.5657895058806262,4.435000038146972,5.096695847865559,3.773304228428386,4.349999904632568,4.75,4.899999976158142,5.8500001430511475,4.400000095367432
2017-05-31,4.300000190734863,4.5,4.199999809265137,4.5,8410,0,0.0,0.04651158148692014,0.5921052705878371,4.450000047683716,5.103161440372851,3.7968386549945805,4.349999904632568,4.75,4.925000071525574,5.799999952316284,4.5
2017-06-01,4.300000190734863,4.5,4.199999809265137,4.199999809265137,8340,0,0.0,-0.06666670905219185,0.5526315607852884,4.455000042915344,5.09872929173895,3.811270794091738,4.3999998569488525,4.75,4.925000071525574,5.799999952316284,4.599999904632568
2017-06-02,4.300000190734863,4.5,4.300000190734863,4.400000095367432,4710,0,0.0,0.04761911790117157,0.5789473882342315,4.470000052452088,5.093384497013892,3.8466156078902833,4.3999998569488525,4.75,4.925000071525574,5.799999952316284,4.199999809265137
2017-06-05,4.400000095367432,4.400000095367432,4.300000190734863,4.300000190734863,2380,0,0.0,-0.022727250560256596,0.565789505880626,4.470000052452088,5.093384497013892,3.8466156078902833,4.3999998569488525,4.75,4.925000071525574,5.799999952316284,4.199999809265137
2017-06-06,4.300000190734863,4.300000190734863,4.099999904632568,4.099999904632568,11000,0,0.0,-0.04651169237927755,0.5394736784316829,4.460000038146973,5.100343914824321,3.8196561614696245,4.3999998569488525,4.75,4.925000071525574,5.799999952316284,4.400000095367432
2017-06-07,4.099999904632568,4.300000190734863,4.099999904632568,4.199999809265137,4640,0,0.0,0.02439022120941492,0.5526315607852884,4.4500000238418576,5.1000585227958295,3.7999415248878856,4.3999998569488525,4.75,4.925000071525574,5.799999952316284,4.300000190734863
2017-06-08,4.199999809265137,4.5,4.199999809265137,4.199999809265137,8080,0,0.0,0.0,0.5526315607852884,4.4300000190734865,5.085016158853521,3.7749838792934525,4.349999904632568,4.75,4.925000071525574,5.799999952316284,4.300000190734863
2017-06-09,4.300000190734863,4.599999904632568,4.300000190734863,4.599999904632568,7560,0,0.0,0.09523812226968142,0.6052631529414426,4.395000004768372,4.921211456673758,3.868788552862986,4.349999904632568,4.75,4.925000071525574,5.799999952316284,4.099999904632568
2017-06-12,4.400000095367432,4.400000095367432,4.099999904632568,4.199999809265137,8630,0,0.0,-0.08695654427396826,0.5526315607852884,4.354999995231628,4.806785669072299,3.9032143213909563,4.349999904632568,4.75,4.925000071525574,5.799999952316284,4.199999809265137
2017-06-13,4.300000190734863,4.300000190734863,4.099999904632568,4.099999904632568,5840,0,0.0,-0.023809502184254927,0.5394736784316829,4.304999995231628,4.6131038996771085,3.9968960907861484,4.349999904632568,4.75,4.899999976158142,5.799999952316284,4.300000190734863
2017-06-14,4.199999809265137,4.199999809265137,4.099999904632568,4.099999904632568,1180,0,0.0,0.0,0.5394736784316829,4.289999985694886,4.607317521361049,3.9726824500287226,4.349999904632568,4.75,4.399999976158142,5.799999952316284,4.699999809265137
2017-06-15,4.199999809265137,4.300000190734863,4.099999904632568,4.300000190734863,2760,0,0.0,0.048780558720578515,0.5657895058806262,4.295000004768371,4.609597845752342,3.980402163784401,4.349999904632568,4.75,4.350000023841858,5.799999952316284,4.699999809265137
2017-06-16,4.300000190734863,4.300000190734863,4.0,4.199999809265137,8350,0,0.0,-0.023255901635817477,0.5526315607852885,4.304999995231628,4.592744067924642,4.017255922538615,4.299999952316284,4.75,4.350000023841858,5.799999952316284,4.699999809265137
2017-06-19,4.099999904632568,4.300000190734863,4.099999904632568,4.199999809265137,3920,0,0.0,0.0,0.5526315607852885,4.294999980926514,4.5827440586454316,4.0072559032075965,4.299999952316284,4.75,4.75,5.75,4.800000190734863
2017-06-20,4.199999809265137,4.300000190734863,4.099999904632568,4.199999809265137,9230,0,0.0,0.0,0.5526315607852885,4.289999961853027,4.580715063262747,3.9992848604433084,4.299999952316284,4.75,4.75,5.549999952316284,4.599999904632568
2017-06-21,4.099999904632568,4.199999809265137,4.0,4.0,31340,0,0.0,-0.04761900436850974,0.5263157960780775,4.274999952316284,4.592158156986396,3.957841747646172,4.299999952316284,4.5,4.75,5.5,4.599999904632568
2017-06-22,4.0,4.400000095367432,4.0,4.400000095367432,16680,0,0.0,0.10000002384185791,0.5789473882342318,4.269999957084655,4.575633076296153,3.964366837873158,4.200000047683716,4.349999904632568,4.75,5.5,4.400000095367432
2017-06-23,4.300000190734863,4.400000095367432,4.199999809265137,4.400000095367432,3140,0,0.0,0.0,0.5789473882342318,4.269999957084655,4.575633076296153,3.964366837873158,4.200000047683716,4.349999904632568,4.75,5.450000047683716,4.400000095367432
2017-06-26,4.300000190734863,4.400000095367432,4.300000190734863,4.400000095367432,15280,0,0.0,0.0,0.5789473882342318,4.264999961853027,4.558311555964633,3.9716883677414208,4.200000047683716,4.349999904632568,4.75,5.450000047683716,4.400000095367432
2017-06-27,4.199999809265137,4.800000190734863,4.199999809265137,4.5,14010,0,0.0,0.022727250560256484,0.5921052705878372,4.274999952316284,4.585717742326443,3.964282162306125,4.400000095367432,4.400000095367432,4.75,5.450000047683716,4.300000190734863
2017-06-28,4.5,4.900000095367432,4.5,4.599999904632568,12350,0,0.0,0.02222220102945971,0.6052631529414428,4.279999947547912,4.60797077084192,3.9520291242539045,4.450000047683716,4.450000047683716,4.75,5.450000047683716,4.5
2017-06-29,4.699999809265137,4.900000095367432,4.599999904632568,4.599999904632568,8520,0,0.0,0.0,0.6052631529414428,4.299999952316284,4.654058596919509,3.9459413077130585,4.450000047683716,4.450000047683716,4.75,5.450000047683716,4.5
2017-06-30,4.599999904632568,4.599999904632568,4.5,4.599999904632568,13300,0,0.0,0.0,0.6052631529414428,4.309999942779541,4.685670399386864,3.934329486172218,4.450000047683716,4.450000047683716,4.75,5.450000047683716,4.199999809265137
2017-07-03,4.5,4.599999904632568,4.5,4.5,960,0,0.0,-0.021739110153428554,0.5921052705878374,4.319999933242798,4.7047111759211715,3.935288690564424,4.450000047683716,4.450000047683716,4.75,5.450000047683716,4.199999809265137
2017-07-05,4.599999904632568,4.599999904632568,4.300000190734863,4.300000190734863,5030,0,0.0,-0.04444440205891931,0.5657895058806263,4.329999947547913,4.70133976600838,3.9586601290874457,4.450000047683716,4.450000047683716,4.625,5.450000047683716,4.199999809265137
2017-07-06,4.5,4.5,4.400000095367432,4.400000095367432,3810,0,0.0,0.02325579074346007,0.5789473882342318,4.339999961853027,4.7075086065140335,3.9724913171920213,4.549999952316284,4.450000047683716,4.549999952316284,5.450000047683716,4.199999809265137
2017-07-07,4.199999809265137,4.5,4.199999809265137,4.5,6820,0,0.0,0.022727250560256484,0.5921052705878372,4.354999971389771,4.722920996589229,3.9870789461903127,4.549999952316284,4.450000047683716,4.549999952316284,5.450000047683716,4.400000095367432
2017-07-10,4.300000190734863,4.599999904632568,4.300000190734863,4.599999904632568,2790,0,0.0,0.02222220102945971,0.6052631529414428,4.354999971389771,4.722920996589229,3.9870789461903127,4.549999952316284,4.450000047683716,4.574999928474426,5.450000047683716,4.199999809265137
2017-07-11,4.599999904632568,4.599999904632568,4.199999809265137,4.199999809265137,8800,0,0.0,-0.08695654427396826,0.5526315607852886,4.354999971389771,4.722920996589229,3.9870789461903127,4.549999952316284,4.450000047683716,4.574999928474426,5.450000047683716,4.400000095367432
2017-07-12,4.300000190734863,4.300000190734863,4.199999809265137,4.199999809265137,2410,0,0.0,0.0,0.5526315607852886,4.359999966621399,4.716335512275691,4.003664420967107,4.549999952316284,4.450000047683716,4.574999928474426,5.450000047683716,4.5
2017-07-13,4.199999809265137,4.400000095367432,4.199999809265137,4.400000095367432,23420,0,0.0,0.04761911790117157,0.5789473882342318,4.374999976158142,4.710738948590809,4.039261003725475,4.3999998569488525,4.450000047683716,4.574999928474426,5.450000047683716,4.599999904632568
2017-07-14,4.400000095367432,4.400000095367432,4.199999809265137,4.300000190734863,6970,0,0.0,-0.022727250560256596,0.5657895058806263,4.374999976158142,4.710738948590809,4.039261003725475,4.3999998569488525,4.450000047683716,4.574999928474426,5.450000047683716,4.5
2017-07-17,4.300000190734863,4.5,4.199999809265137,4.300000190734863,4270,0,0.0,0.0,0.5657895058806263,4.379999995231628,4.707970736215835,4.052029254247421,4.3999998569488525,4.450000047683716,4.549999952316284,5.450000047683716,5.0
2017-07-18,4.300000190734863,4.300000190734863,4.099999904632568,4.099999904632568,13010,0,0.0,-0.04651169237927755,0.5394736784316831,4.375,4.7167080989809715,4.0332919010190285,4.349999904632568,4.450000047683716,4.549999952316284,5.450000047683716,5.199999809265137
2017-07-19,4.199999809265137,4.199999809265137,4.199999809265137,4.199999809265137,1090,0,0.0,0.02439022120941492,0.5526315607852886,4.375,4.7167080989809715,4.0332919010190285,4.349999904632568,4.450000047683716,4.549999952316284,5.450000047683716,5.300000190734863
2017-07-20,4.300000190734863,4.400000095367432,4.199999809265137,4.300000190734863,2860,0,0.0,0.023809615716916754,0.5657895058806263,4.3900000095367435,4.687588628923682,4.092411390149805,4.349999904632568,4.450000047683716,4.549999952316284,5.450000047683716,5.5
2017-07-21,4.300000190734863,5.0,4.199999809265137,4.699999809265137,48680,0,0.0,0.09302316297384028,0.6184210352950483,4.404999995231629,4.73219916930381,4.077800821159448,4.549999952316284,4.5,4.549999952316284,4.700000047683716,5.0
2017-07-24,4.599999904632568,4.900000095367432,4.599999904632568,4.699999809265137,10910,0,0.0,0.0,0.6184210352950483,4.419999980926514,4.771766822521999,4.068233139331029,4.549999952316284,4.5,4.549999952316284,4.700000047683716,5.199999809265137
2017-07-25,4.900000095367432,5.0,4.699999809265137,4.699999809265137,8410,0,0.0,0.0,0.6184210352950483,4.434999966621399,4.807291277809643,4.0627086554331555,4.549999952316284,4.5,4.524999976158142,4.700000047683716,5.5
2017-07-26,4.699999809265137,4.900000095367432,4.599999904632568,4.800000190734863,6380,0,0.0,0.021276677771900232,0.631578980390386,4.449999976158142,4.854689290205899,4.045310662110385,4.549999952316284,4.5,4.524999976158142,4.75,5.400000095367432
2017-07-27,4.800000190734863,4.800000190734863,4.599999904632568,4.599999904632568,2530,0,0.0,-0.041666724615624595,0.6052631529414427,4.449999976158142,4.854689290205899,4.045310662110385,4.549999952316284,4.5,4.524999976158142,4.75,5.699999809265137
2017-07-28,4.599999904632568,4.699999809265137,4.599999904632568,4.599999904632568,2060,0,0.0,0.0,0.6052631529414427,4.449999976158142,4.854689290205899,4.045310662110385,4.549999952316284,4.5,4.399999976158142,4.75,5.900000095367432
2017-07-31,4.599999904632568,4.599999904632568,4.199999809265137,4.400000095367432,6820,0,0.0,-0.04347822030685711,0.5789473882342318,4.439999985694885,4.839155688626603,4.040844282763167,4.599999904632568,4.549999952316284,4.274999976158142,4.75,5.900000095367432
2017-08-01,4.199999809265137,4.5,4.199999809265137,4.400000095367432,1960,0,0.0,0.0,0.5789473882342318,4.434999990463257,4.833522009391291,4.036477971535223,4.599999904632568,4.549999952316284,4.274999976158142,4.75,6.5
2017-08-02,4.400000095367432,4.400000095367432,4.300000190734863,4.400000095367432,1930,0,0.0,0.0,0.5789473882342318,4.439999985694885,4.834057714234933,4.045942257154837,4.599999904632568,4.549999952316284,4.274999976158142,4.75,6.599999904632568
2017-08-03,4.300000190734863,4.400000095367432,4.300000190734863,4.300000190734863,13330,0,0.0,-0.022727250560256596,0.5657895058806263,4.434999990463257,4.833522009391291,4.036477971535223,4.599999904632568,4.549999952316284,4.400000095367432,4.75,6.599999904632568
2017-08-04,4.199999809265137,4.5,4.199999809265137,4.5,4850,0,0.0,0.04651158148692014,0.5921052705878372,4.434999990463257,4.833522009391291,4.036477971535223,4.599999904632568,4.549999952316284,4.450000047683716,4.75,6.400000095367432
2017-08-07,4.5,4.5,4.300000190734863,4.5,5410,0,0.0,0.0,0.5921052705878372,4.429999995231628,4.8225154129023595,4.037484577560897,4.549999952316284,4.549999952316284,4.450000047683716,4.75,5.800000190734863
2017-08-08,4.5,4.599999904632568,4.199999809265137,4.199999809265137,20400,0,0.0,-0.06666670905219185,0.5526315607852885,4.429999995231628,4.8225154129023595,4.037484577560897,4.5,4.549999952316284,4.450000047683716,4.75,5.400000095367432
2017-08-09,4.300000190734863,4.400000095367432,4.199999809265137,4.199999809265137,4550,0,0.0,0.0,0.5526315607852885,4.429999995231628,4.8225154129023595,4.037484577560897,4.449999809265137,4.549999952316284,4.450000047683716,4.75,5.599999904632568
2017-08-10,4.199999809265137,4.300000190734863,4.199999809265137,4.199999809265137,570,0,0.0,0.0,0.5526315607852885,4.419999980926514,4.825188633466914,4.014811328386114,4.3999998569488525,4.549999952316284,4.450000047683716,4.75,5.400000095367432
2017-08-11,4.199999809265137,4.300000190734863,4.199999809265137,4.199999809265137,14370,0,0.0,0.0,0.5526315607852885,4.414999961853027,4.8284624343910485,4.001537489315006,4.3999998569488525,4.549999952316284,4.5,4.75,5.5
2017-08-14,4.199999809265137,4.400000095367432,4.199999809265137,4.400000095367432,7370,0,0.0,0.04761911790117157,0.5789473882342316,4.419999957084656,4.8301483062576125,4.009851607911699,4.3999998569488525,4.549999952316284,4.5,4.75,5.5
2017-08-15,4.5,4.5,4.199999809265137,4.199999809265137,9230,0,0.0,-0.04545460949259217,0.5526315607852885,4.424999952316284,4.821487466078691,4.028512438553878,4.3999998569488525,4.549999952316284,4.5,4.75,5.699999809265137
2017-08-16,4.400000095367432,4.5,4.199999809265137,4.400000095367432,30080,0,0.0,0.04761911790117157,0.5789473882342316,4.434999966621399,4.817999288186411,4.0520006450563875,4.3999998569488525,4.549999952316284,4.5,4.75,5.800000190734863
2017-08-17,4.5,4.5,4.300000190734863,4.5,5700,0,0.0,0.022727250560256484,0.5921052705878371,4.444999957084656,4.823752465490278,4.066247448679034,4.3999998569488525,4.549999952316284,4.5,4.75,6.300000190734863
2017-08-18,4.400000095367432,4.599999904632568,4.400000095367432,4.599999904632568,4580,0,0.0,0.02222220102945971,0.6052631529414427,4.439999961853028,4.807508617007564,4.072491306698492,4.3999998569488525,4.549999952316284,4.424999952316284,4.75,6.400000095367432
2017-08-21,4.400000095367432,4.699999809265137,4.400000095367432,4.5,14980,0,0.0,-0.021739110153428554,0.5921052705878372,4.429999971389771,4.778881217790377,4.081118724989165,4.449999809265137,4.549999952316284,4.424999952316284,4.75,6.5
2017-08-22,4.599999904632568,5.5,4.599999904632568,5.0,44990,0,0.0,0.11111111111111116,0.6578947450975969,4.4449999809265135,4.859439411924127,4.0305605499289,4.849999904632568,4.799999952316284,4.424999952316284,4.75,6.699999809265137
2017-08-23,5.300000190734863,5.300000190734863,5.0,5.199999809265137,9630,0,0.0,0.039999961853027344,0.6842105098048079,4.464999961853027,4.974818138312928,3.955181785393126,4.849999904632568,4.849999904632568,4.399999976158142,4.75,6.5
2017-08-24,5.300000190734863,5.699999809265137,5.099999904632568,5.300000190734863,35550,0,0.0,0.019230843295715117,0.6973684549001455,4.499999976158142,5.126296758788466,3.873703193527818,4.949999809265137,4.949999809265137,4.399999976158142,4.75,6.599999904632568
2017-08-25,5.599999904632568,6.0,5.300000190734863,5.5,37470,0,0.0,0.03773581171086837,0.7236842196073566,4.544999980926514,5.309347137652,3.780652824201028,5.099999904632568,5.099999904632568,4.399999976158142,4.75,6.400000095367432
2017-08-28,5.400000095367432,5.5,4.900000095367432,5.0,15300,0,0.0,-0.09090909090909094,0.6578947450975969,4.574999976158142,5.361253382478159,3.788746569838125,5.099999904632568,5.099999904632568,4.524999976158142,4.75,6.400000095367432
2017-08-29,5.300000190734863,5.5,5.0,5.199999809265137,3550,0,0.0,0.039999961853027344,0.6842105098048079,4.6149999618530275,5.4423526902597175,3.787647233446338,5.150000095367432,5.099999904632568,4.524999976158142,4.75,6.199999809265137
2017-08-30,5.599999904632568,5.599999904632568,5.300000190734863,5.5,7760,0,0.0,0.05769234648823174,0.7236842196073565,4.669999957084656,5.576252539718333,3.763747374450978,5.200000047683716,5.099999904632568,4.524999976158142,4.75,6.699999809265137
2017-08-31,5.599999904632568,5.699999809265137,5.400000095367432,5.400000095367432,10340,0,0.0,-0.018181800842285156,0.710526337253751,4.724999952316284,5.667935999910028,3.7820639047225404,5.200000047683716,5.099999904632568,4.524999976158142,4.75,6.5
2017-09-01,5.400000095367432,5.800000190734863,5.400000095367432,5.699999809265137,14180,0,0.0,0.05555550159250355,0.7499999843145675,4.784999942779541,5.812881855563204,3.757118029995877,5.299999952316284,5.099999904632568,4.524999976158142,4.75,6.300000190734863
2017-09-05,5.900000095367432,5.900000095367432,5.699999809265137,5.900000095367432,8510,0,0.0,0.03508777066574664,0.7763158117635106,4.854999947547912,5.982683812521621,3.727316082574203,5.450000047683716,5.099999904632568,4.524999976158142,4.5,6.199999809265137
2017-09-06,5.900000095367432,6.099999904632568,5.800000190734863,5.900000095367432,15440,0,0.0,0.0,0.7763158117635106,4.939999961853028,6.1132459537198685,3.766753969986187,5.5,5.1499998569488525,4.574999928474426,4.5,6.0
2017-09-07,6.0,6.5,5.900000095367432,6.5,17310,0,0.0,0.10169489744647242,0.8552631686268758,5.054999971389771,6.360509970794038,3.749489971985504,5.700000047683716,5.349999904632568,4.574999928474426,4.5,6.199999809265137
2017-09-08,6.5,6.599999904632568,6.0,6.599999904632568,19780,0,0.0,0.015384600712702756,0.8684210509804813,5.1749999761581424,6.582462748722858,3.7675372035934265,5.75,5.3999998569488525,4.574999928474426,4.5,6.099999904632568
2017-09-11,6.699999809265137,6.800000190734863,6.599999904632568,6.599999904632568,8540,0,0.0,0.0,0.8684210509804813,5.294999980926514,6.758244802434174,3.8317551594188544,5.900000095367432,5.5,4.574999928474426,4.5,6.099999904632568
2017-09-12,6.800000190734863,6.900000095367432,6.199999809265137,6.400000095367432,30530,0,0.0,-0.030303001841675226,0.8421052862732702,5.394999980926514,6.87336637138407,3.9166335904689573,6.1000001430511475,5.549999952316284,4.574999928474426,4.5,5.699999809265137
2017-09-13,6.5,6.5,5.400000095367432,5.800000190734863,56470,0,0.0,-0.09374998370185517,0.763157929409905,5.475,6.854898320940366,4.095101679059633,6.150000095367432,5.549999952316284,4.549999952316284,4.5,5.699999809265137
2017-09-14,5.5,5.900000095367432,5.300000190734863,5.400000095367432,26030,0,0.0,-0.0689655314160863,0.7105263372537508,5.525,6.813988768871775,4.236011231128225,6.1000001430511475,5.549999952316284,4.524999976158142,4.5,5.5
2017-09-15,5.400000095367432,5.599999904632568,4.300000190734863,5.599999904632568,38530,0,0.0,0.037037001061669184,0.7368421019609619,5.579999995231629,6.7791545233673425,4.380845467095915,5.6000001430511475,5.549999952316284,4.4999998807907104,4.5,5.300000190734863
2017-09-18,5.599999904632568,5.599999904632568,5.300000190734863,5.400000095367432,7320,0,0.0,-0.035714252262698754,0.7105263372537509,5.620000004768372,6.7352890441362145,4.504710965400529,5.6000001430511475,5.549999952316284,4.474999904632568,4.5,5.400000095367432
2017-09-19,5.400000095367432,5.599999904632568,5.400000095367432,5.5,20030,0,0.0,0.018518500530834592,0.7236842196073565,5.670000004768371,6.661486372981866,4.678513636554877,5.6000001430511475,5.549999952316284,4.474999904632568,4.5,5.199999809265137
2017-09-20,5.5,5.800000190734863,5.099999904632568,5.5,25750,0,0.0,0.0,0.7236842196073565,5.695000004768372,6.6413605438974335,4.74863946563931,5.6000001430511475,5.549999952316284,4.474999904632568,4.5,5.199999809265137
2017-09-21,5.199999809265137,5.699999809265137,5.199999809265137,5.699999809265137,11140,0,0.0,0.03636360168457031,0.7499999843145675,5.720000004768371,6.6384413153692545,4.801558694167488,5.6000001430511475,5.549999952316284,4.474999904632568,4.5,5.400000095367432
2017-09-22,5.599999904632568,5.800000190734863,5.5,5.800000190734863,5780,0,0.0,0.017543927160695638,0.7631579294099051,5.745000004768372,6.643128558858134,4.846871450678609,5.6000001430511475,5.6000001430511475,4.474999904632568,4.5,5.300000190734863
2017-09-25,5.900000095367432,6.900000095367432,5.900000095367432,6.300000190734863,35560,0,0.0,0.0862068937167828,0.8289474039196648,5.785000014305115,6.70712140770519,4.862878620905039,5.6000001430511475,5.6000001430511475,4.474999904632568,4.5,5.300000190734863
2017-09-26,6.5,6.800000190734863,6.300000190734863,6.400000095367432,28070,0,0.0,0.015873000254767344,0.8421052862732704,5.855000019073486,6.739518087813373,4.9704819503336,5.6000001430511475,5.6000001430511475,4.474999904632568,4.5,5.5
2017-09-27,6.699999809265137,7.0,6.5,6.5,32650,0,0.0,0.015624984866008385,0.8552631686268759,5.92000002861023,6.793303340571961,5.046696716648499,5.650000095367432,5.650000095367432,4.4999998807907104,4.5,5.400000095367432
2017-09-28,6.5,6.900000095367432,6.5,6.699999809265137,11070,0,0.0,0.030769201425405734,0.881578933334087,5.980000019073486,6.894027817224837,5.065972220922136,6.049999952316284,5.650000095367432,4.824999928474426,4.75,5.599999904632568
2017-09-29,6.800000190734863,6.800000190734863,6.5,6.5,15940,0,0.0,-0.029850718650553665,0.8552631686268759,6.035000014305115,6.9349277132769,5.135072315333329,6.049999952316284,5.650000095367432,4.849999904632568,4.75,5.599999904632568
2017-10-02,6.800000190734863,6.800000190734863,6.5,6.599999904632568,13100,0,0.0,0.015384600712702756,0.8684210509804814,6.080000019073486,6.998441283486287,5.161558754660685,6.049999952316284,5.650000095367432,4.949999809265137,4.849999904632568,5.800000190734863
2017-10-03,6.699999809265137,6.699999809265137,6.199999809265137,6.400000095367432,13030,0,0.0,-0.030303001841675226,0.8421052862732703,6.105000019073486,7.029748777568927,5.1802512605780455,6.099999904632568,5.650000095367432,5.099999904632568,5.0,5.699999809265137
2017-10-04,6.599999904632568,6.599999904632568,6.400000095367432,6.400000095367432,4980,0,0.0,0.0,0.8421052862732703,6.130000019073487,7.058294928926723,5.20170510922025,6.25,5.650000095367432,5.099999904632568,5.0,5.900000095367432
2017-10-05,6.5,6.599999904632568,6.199999809265137,6.199999809265137,12660,0,0.0,-0.03125004423782163,0.8157894588243272,6.115000009536743,7.028308594988253,5.201691424085233,6.450000047683716,5.650000095367432,5.125,5.0,5.900000095367432
2017-10-06,6.199999809265137,6.699999809265137,6.199999809265137,6.699999809265137,11950,0,0.0,0.0806451637712653,0.881578933334087,6.120000004768372,7.045022017802251,5.1949779917344925,6.599999904632568,5.650000095367432,5.149999976158142,5.0,5.800000190734863
2017-10-09,6.5,6.699999809265137,6.400000095367432,6.5,9520,0,0.0,-0.029850718650553665,0.8552631686268759,6.115000009536743,7.030519727522221,5.199480291551265,6.599999904632568,5.650000095367432,5.149999976158142,5.0,5.900000095367432
2017-10-10,6.5,6.599999904632568,6.199999809265137,6.300000190734863,8780,0,0.0,-0.030769201425405623,0.8289474039196649,6.110000014305115,7.020259514599768,5.199740514010461,6.549999952316284,5.650000095367432,5.199999928474426,5.0,5.699999809265137
2017-10-11,6.300000190734863,6.400000095367432,6.099999904632568,6.199999809265137,11180,0,0.0,-0.015873075943202752,0.8157894588243273,6.129999995231628,7.029534422667675,5.230465567795582,6.450000047683716,5.650000095367432,5.274999976158142,5.0,5.5
2017-10-12,6.099999904632568,6.199999809265137,6.0,6.0,19480,0,0.0,-0.032258034744817476,0.7894736941171163,6.159999990463257,6.997372689839912,5.322627291086603,6.400000095367432,5.650000095367432,5.324999928474426,5.099999904632568,5.800000190734863
2017-10-13,6.099999904632568,6.199999809265137,5.800000190734863,6.199999809265137,3670,0,0.0,0.03333330154418945,0.8157894588243273,6.189999985694885,6.986536544890407,5.3934634264993635,6.25,5.650000095367432,5.524999976158142,5.299999952316284,5.900000095367432
2017-10-16,6.300000190734863,6.300000190734863,5.900000095367432,6.099999904632568,16940,0,0.0,-0.016129017372408794,0.8026315764707218,6.224999976158142,6.935611102531727,5.514388849784558,6.25,5.650000095367432,5.574999928474426,5.349999904632568,6.099999904632568
2017-10-17,6.0,6.199999809265137,5.800000190734863,6.099999904632568,10460,0,0.0,0.0,0.8026315764707218,6.25499997138977,6.88604049511457,5.62395944766497,6.25,5.650000095367432,5.700000047683716,5.450000047683716,6.5
2017-10-18,6.099999904632568,6.099999904632568,5.699999809265137,5.699999809265137,13930,0,0.0,-0.06557378715098938,0.7499999843145676,6.264999961853027,6.852225785043812,5.677774138662242,6.199999809265137,5.650000095367432,5.825000047683716,5.5,6.699999809265137
2017-10-19,5.5,5.699999809265137,5.5,5.699999809265137,17070,0,0.0,0.0,0.7499999843145676,6.264999961853027,6.852225785043812,5.677774138662242,6.099999904632568,5.650000095367432,5.850000023841858,5.5,6.900000095367432
2017-10-20,5.400000095367432,5.900000095367432,5.099999904632568,5.5,13670,0,0.0,-0.03508768701010212,0.7236842196073565,6.249999952316284,6.89694064562623,5.603059259006339,5.849999904632568,5.650000095367432,5.825000047683716,5.5,7.0
2017-10-23,5.699999809265137,6.099999904632568,5.199999809265137,5.300000190734863,9370,0,0.0,-0.03636360168457031,0.6973684549001455,6.1999999523162845,6.968370446856827,5.431629457775742,5.75,6.049999952316284,5.575000047683716,5.5,6.900000095367432
2017-10-24,5.400000095367432,5.699999809265137,5.300000190734863,5.400000095367432,2130,0,0.0,0.018867905855434186,0.7105263372537511,6.149999952316284,6.987614045774556,5.312385858858011,5.700000047683716,6.049999952316284,5.575000047683716,5.5,6.800000190734863
2017-10-25,5.099999904632568,5.599999904632568,5.099999904632568,5.199999809265137,12300,0,0.0,-0.037037089364844955,0.684210509804808,6.084999942779541,7.002725496362761,5.167274389196321,5.700000047683716,6.049999952316284,5.575000047683716,5.5,6.800000190734863
2017-10-26,5.300000190734863,5.400000095367432,5.099999904632568,5.199999809265137,8000,0,0.0,0.0,0.684210509804808,6.009999942779541,6.9594001185420495,5.060599767017033,5.700000047683716,6.049999952316284,5.575000047683716,5.5,6.599999904632568
2017-10-27,5.300000190734863,5.400000095367432,5.099999904632568,5.400000095367432,9030,0,0.0,0.03846159489197354,0.7105263372537513,5.954999947547913,6.911983329979573,4.998016565116253,5.6499998569488525,6.049999952316284,5.575000047683716,5.5,6.599999904632568
2017-10-30,5.300000190734863,5.400000095367432,5.099999904632568,5.300000190734863,7230,0,0.0,-0.018518500530834592,0.6973684549001457,5.889999961853027,6.83940008887161,4.940599834834444,5.599999904632568,6.049999952316284,5.6000001430511475,5.5,6.5
2017-10-31,5.300000190734863,5.300000190734863,5.199999809265137,5.300000190734863,8930,0,0.0,0.0,0.6973684549001457,5.834999966621399,6.7873238252365855,4.882676108006212,5.599999904632568,6.049999952316284,5.6000001430511475,5.5,6.5
2017-11-01,5.300000190734863,5.599999904632568,5.300000190734863,5.5,11810,0,0.0,0.03773581171086837,0.7236842196073567,5.789999961853027,6.715677444175372,4.864322479530682,5.599999904632568,6.049999952316284,5.6000001430511475,5.5,6.5
2017-11-02,5.599999904632568,5.599999904632568,5.400000095367432,5.400000095367432,4940,0,0.0,-0.018181800842285156,0.7105263372537513,5.749999976158142,6.6704203776115465,4.829579574704737,5.599999904632568,6.0,5.650000095367432,5.549999952316284,6.5
2017-11-03,5.400000095367432,5.699999809265137,5.400000095367432,5.599999904632568,7340,0,0.0,0.037037001061669184,0.7368421019609623,5.6949999809265135,6.505564343568263,4.884435618284764,5.3999998569488525,5.950000047683716,5.850000023841858,5.549999952316284,6.5
2017-11-06,5.699999809265137,6.0,5.599999904632568,5.599999904632568,19260,0,0.0,0.0,0.7368421019609623,5.649999976158142,6.370851440471707,4.929148511844577,5.549999952316284,5.950000047683716,5.850000023841858,5.599999904632568,6.400000095367432
2017-11-07,5.800000190734863,5.800000190734863,5.599999904632568,5.800000190734863,5750,0,0.0,0.035714337412192876,0.7631579294099056,5.624999976158142,6.285472255911896,4.964527696404388,5.549999952316284,5.8999998569488525,5.850000023841858,5.599999904632568,6.300000190734863
2017-11-08,5.699999809265137,6.400000095367432,5.699999809265137,5.699999809265137,11060,0,0.0,-0.017241444513996895,0.7499999843145679,5.599999976158142,6.206617416311909,4.9933825360043755,5.75,5.8999998569488525,5.875,5.599999904632568,6.199999809265137
2017-11-09,5.800000190734863,6.199999809265137,5.699999809265137,5.900000095367432,17400,0,0.0,0.03508777066574664,0.776315811763511,5.594999980926514,6.189752342504051,5.000247619348976,5.75,5.8999998569488525,5.950000047683716,5.599999904632568,6.5
2017-11-10,5.900000095367432,6.099999904632568,5.800000190734863,5.900000095367432,9050,0,0.0,0.0,0.776315811763511,5.579999995231629,6.125548206209868,5.034451784253389,5.799999952316284,5.8999998569488525,6.050000071525574,5.599999904632568,6.5
2017-11-13,6.0,6.0,5.800000190734863,5.800000190734863,5790,0,0.0,-0.016949136104436047,0.7631579294099056,5.565000009536743,6.066823656738651,5.063176362334835,5.8500001430511475,5.8999998569488525,6.125,5.599999904632568,6.5
2017-11-14,5.599999904632568,5.900000095367432,5.599999904632568,5.900000095367432,5800,0,0.0,0.017241362300696395,0.776315811763511,5.5550000190734865,6.02001793336967,5.089982104777303,5.900000095367432,5.849999904632568,6.125,5.599999904632568,6.900000095367432
2017-11-15,5.5,5.699999809265137,5.5,5.699999809265137,21990,0,0.0,-0.03389835302872812,0.7499999843145679,5.5550000190734865,6.02001793336967,5.089982104777303,5.900000095367432,5.75,6.100000023841858,5.599999904632568,7.0
2017-11-16,5.699999809265137,5.800000190734863,5.5,5.5,10250,0,0.0,-0.03508768701010212,0.7236842196073568,5.54500002861023,6.005649444804675,5.0843506124157845,5.950000047683716,5.75,6.050000071525574,5.599999904632568,6.5
2017-11-17,5.5,5.900000095367432,5.5,5.800000190734863,21940,0,0.0,0.054545489224520516,0.7631579294099055,5.560000038146972,6.033313870493969,5.0866862057999755,5.950000047683716,5.75,6.025000095367432,5.599999904632568,6.400000095367432
2017-11-20,6.099999904632568,6.099999904632568,5.800000190734863,5.900000095367432,17500,0,0.0,0.017241362300696395,0.7763158117635109,5.590000033378601,6.069678772920495,5.110321293836707,5.950000047683716,5.75,5.950000047683716,5.599999904632568,6.300000190734863
2017-11-21,6.0,6.199999809265137,5.900000095367432,6.099999904632568,19360,0,0.0,0.03389827220887209,0.8026315764707219,5.625000023841858,6.14502740204327,5.104972645640447,5.849999904632568,5.75,5.950000047683716,5.599999904632568,6.5
2017-11-22,6.199999809265137,6.599999904632568,6.099999904632568,6.5,31330,0,0.0,0.06557378715098938,0.8552631686268761,5.690000033378601,6.2996099540091555,5.080390112748046,6.049999952316284,5.849999904632568,5.950000047683716,5.599999904632568,6.800000190734863
2017-11-24,6.400000095367432,6.699999809265137,6.400000095367432,6.699999809265137,12890,0,0.0,0.030769201425405734,0.8815789333340872,5.765000033378601,6.476748298620779,5.053251768136422,6.099999904632568,5.8999998569488525,5.924999952316284,5.599999904632568,6.900000095367432
2017-11-27,6.699999809265137,7.199999809265137,6.599999904632568,6.900000095367432,34690,0,0.0,0.029850789820280887,0.9078947607830304,5.840000033378601,6.6869759226408085,4.993024144116394,6.349999904632568,6.1499998569488525,5.875,5.599999904632568,6.699999809265137
2017-11-28,7.0,7.0,6.699999809265137,7.0,13310,0,0.0,0.014492739601511984,0.9210526431366359,5.925000023841858,6.874346909109351,4.975653138574365,6.349999904632568,6.1499998569488525,5.75,5.599999904632568,6.900000095367432
2017-11-29,7.0,7.099999904632568,6.5,6.900000095367432,17070,0,0.0,-0.014285700661795464,0.9078947607830304,6.005000019073487,6.999286413762759,5.0107136243842145,6.349999904632568,6.1499998569488525,5.899999976158142,5.599999904632568,6.800000190734863
2017-11-30,6.900000095367432,7.0,6.5,6.800000190734863,17600,0,0.0,-0.014492739601511984,0.894736878429425,6.070000028610229,7.093594627069172,5.046405430151286,6.349999904632568,6.1499998569488525,5.875,5.599999904632568,6.900000095367432
2017-12-01,6.699999809265137,6.800000190734863,6.599999904632568,6.800000190734863,10500,0,0.0,0.0,0.894736878429425,6.140000033378601,7.162211025595307,5.1177890411618945,6.5,6.1499998569488525,5.875,5.599999904632568,6.800000190734863
2017-12-04,6.800000190734863,6.800000190734863,6.5,6.599999904632568,4210,0,0.0,-0.02941180595477033,0.8684210509804817,6.190000033378601,7.199272359843331,5.180727706913871,6.549999952316284,6.1499998569488525,5.875,5.599999904632568,6.900000095367432
2017-12-05,6.599999904632568,6.599999904632568,6.300000190734863,6.599999904632568,5070,0,0.0,0.0,0.8684210509804817,6.240000033378601,7.225965041864184,5.254035024893019,6.6499998569488525,6.1499998569488525,5.849999904632568,5.599999904632568,6.699999809265137
2017-12-06,6.599999904632568,6.599999904632568,6.199999809265137,6.5,7590,0,0.0,-0.015151500920837613,0.8552631686268762,6.275000023841858,7.24541102406626,5.3045890236174555,6.699999809265137,6.199999809265137,5.824999928474426,5.650000095367432,6.400000095367432
2017-12-07,6.400000095367432,6.5,6.199999809265137,6.5,5040,0,0.0,0.0,0.8552631686268762,6.315000033378601,7.252344334273255,5.377655732483946,6.699999809265137,6.25,5.824999928474426,5.650000095367432,6.300000190734863
2017-12-08,6.300000190734863,7.0,6.199999809265137,6.5,16100,0,0.0,0.0,0.8552631686268762,6.3450000286102295,7.265365602492492,5.424634454727967,6.6499998569488525,6.299999952316284,5.824999928474426,5.650000095367432,6.099999904632568
2017-12-11,6.400000095367432,6.800000190734863,6.400000095367432,6.5,5950,0,0.0,0.0,0.8552631686268762,6.375000023841858,7.274028622951369,5.475971424732347,6.6499998569488525,6.299999952316284,5.799999952316284,5.650000095367432,6.0
2017-12-12,6.5,6.599999904632568,6.400000095367432,6.5,3300,0,0.0,0.0,0.8552631686268762,6.410000014305115,7.2700053259172,5.549994702693029,6.599999904632568,6.349999904632568,5.674999952316284,5.650000095367432,6.0
2017-12-13,6.599999904632568,6.599999904632568,6.400000095367432,6.400000095367432,2830,0,0.0,-0.015384600712702867,0.8421052862732706,6.435000014305115,7.262352732806723,5.607647295803507,6.599999904632568,6.349999904632568,5.75,5.650000095367432,6.099999904632568
2017-12-14,6.5,6.599999904632568,6.199999809265137,6.300000190734863,14140,0,0.0,-0.015624984866008385,0.8289474039196651,6.465000033378601,7.223505227705962,5.70649483905124,6.599999904632568,6.349999904632568,5.724999904632568,5.650000095367432,6.0
2017-12-15,6.099999904632568,6.5,6.099999904632568,6.199999809265137,19560,0,0.0,-0.015873075943202752,0.8157894588243275,6.500000023841858,7.129516794519697,5.87048325316402,6.549999952316284,6.349999904632568,5.824999928474426,5.650000095367432,6.0
2017-12-18,6.199999809265137,7.0,6.099999904632568,6.5,67050,0,0.0,0.048387129026447706,0.8552631686268762,6.535000014305115,7.0756153399251485,5.994384688685081,6.549999952316284,6.349999904632568,5.824999928474426,5.650000095367432,6.0
2017-12-19,6.5,6.800000190734863,6.400000095367432,6.5,6880,0,0.0,0.0,0.8552631686268762,6.565000009536743,7.020351932254238,6.109648086819249,6.549999952316284,6.349999904632568,5.849999904632568,5.650000095367432,6.0
2017-12-20,6.400000095367432,6.800000190734863,6.400000095367432,6.5,8070,0,0.0,0.0,0.8552631686268762,6.585000014305114,6.988563725589448,6.181436303020781,6.549999952316284,6.349999904632568,5.875,5.650000095367432,5.900000095367432
2017-12-21,6.5,7.300000190734863,6.5,6.900000095367432,88620,0,0.0,0.061538476210374116,0.9078947607830304,6.605000019073486,7.029084437459422,6.180915600687551,6.700000047683716,6.400000095367432,5.875,5.650000095367432,5.900000095367432
2017-12-22,7.0,7.0,6.699999809265137,7.0,12750,0,0.0,0.014492739601511984,0.9210526431366359,6.62000002861023,7.076792758165096,6.1632072990553635,6.700000047683716,6.400000095367432,5.825000047683716,5.650000095367432,5.5
2017-12-26,6.800000190734863,6.800000190734863,6.300000190734863,6.5,15680,0,0.0,-0.0714285714285714,0.8552631686268762,6.600000023841858,7.0405700508833,6.159429996800416,6.700000047683716,6.400000095367432,5.850000023841858,5.650000095367432,5.199999809265137
2017-12-27,6.599999904632568,6.900000095367432,6.400000095367432,6.400000095367432,10620,0,0.0,-0.015384600712702867,0.8421052862732706,6.570000028610229,6.977676126250974,6.162323930969484,6.700000047683716,6.550000190734863,5.850000023841858,5.650000095367432,4.900000095367432
2017-12-28,6.5,6.599999904632568,6.300000190734863,6.300000190734863,9830,0,0.0,-0.015624984866008385,0.8289474039196651,6.540000033378601,6.934057825530995,6.145942241226208,6.700000047683716,6.6000001430511475,5.850000023841858,5.650000095367432,5.0
2017-12-29,6.300000190734863,6.699999809265137,6.199999809265137,6.5,25250,0,0.0,0.03174600050953447,0.8552631686268761,6.525000023841858,6.900535865673285,6.149464182010431,6.700000047683716,6.700000047683716,5.799999952316284,5.650000095367432,5.0
2018-01-02,6.5,6.900000095367432,6.5,6.800000190734863,5920,0,0.0,0.04615387549767136,0.8947368784294248,6.525000023841858,6.900535865673285,6.149464182010431,6.75,6.700000047683716,5.949999928474426,5.650000095367432,5.099999904632568
2018-01-03,6.900000095367432,7.300000190734863,6.900000095367432,6.900000095367432,22530,0,0.0,0.014705867915830284,0.9078947607830302,6.540000033378601,6.9491612584728255,6.130838808284377,6.75,6.700000047683716,5.9999998807907104,5.650000095367432,5.099999904632568
2018-01-04,6.800000190734863,6.900000095367432,6.5,6.699999809265137,15120,0,0.0,-0.028985548309857667,0.881578933334087,6.54500002861023,6.959439373534303,6.130560683686157,6.75,6.700000047683716,6.2499998807907104,5.75,5.0
2018-01-05,6.599999904632568,7.0,6.5,6.900000095367432,10480,0,0.0,0.029850789820280887,0.9078947607830302,6.565000033378601,7.006830269849408,6.123169796907794,6.75,6.700000047683716,6.2499998807907104,5.75,4.900000095367432
2018-01-08,7.0,7.0,6.300000190734863,6.800000190734863,15640,0,0.0,-0.014492739601511984,0.8947368784294247,6.580000042915344,7.032344802258596,6.127655283572093,6.75,6.700000047683716,6.2499998807907104,6.1499998569488525,4.900000095367432
2018-01-09,6.800000190734863,6.900000095367432,6.699999809265137,6.900000095367432,7270,0,0.0,0.014705867915830284,0.9078947607830301,6.600000047683716,7.07160206169263,6.128398033674802,6.75,6.700000047683716,6.2499998807907104,6.1499998569488525,4.800000190734863
2018-01-10,6.900000095367432,6.900000095367432,6.699999809265137,6.800000190734863,4980,0,0.0,-0.014492739601511984,0.8947368784294246,6.615000057220459,7.092037057546872,6.137963056894046,6.75,6.700000047683716,6.324999928474426,6.1499998569488525,5.0
2018-01-11,6.800000190734863,7.0,6.699999809265137,6.900000095367432,8350,0,0.0,0.014705867915830284,0.90789476078303,6.635000061988831,7.12458730555793,6.145412818419731,6.75,6.700000047683716,6.349999904632568,6.1499998569488525,4.800000190734863
2018-01-12,6.699999809265137,7.0,6.599999904632568,6.699999809265137,9420,0,0.0,-0.028985548309857667,0.8815789333340868,6.650000047683716,7.127989745837056,6.172010349530376,6.800000190734863,6.700000047683716,6.3999998569488525,6.1499998569488525,4.800000190734863
2018-01-16,6.599999904632568,6.699999809265137,6.199999809265137,6.400000095367432,12050,0,0.0,-0.0447760779758305,0.8421052862732702,6.655000042915344,7.120018003860379,6.18998208197031,6.75,6.700000047683716,6.449999809265137,6.1499998569488525,4.699999809265137
2018-01-17,6.400000095367432,6.400000095367432,6.199999809265137,6.300000190734863,4920,0,0.0,-0.015624984866008385,0.8289474039196647,6.66000006198883,7.106948825176386,6.2130512988012745,6.599999904632568,6.700000047683716,6.474999904632568,6.1499998569488525,4.800000190734863
2018-01-18,6.300000190734863,6.300000190734863,5.699999809265137,6.099999904632568,18770,0,0.0,-0.0317460761979701,0.8026315764707216,6.640000057220459,7.14633619102698,6.1336639234139385,6.349999904632568,6.5,6.474999904632568,6.1499998569488525,4.599999904632568
2018-01-19,6.199999809265137,6.199999809265137,6.0,6.0,10440,0,0.0,-0.01639342724524051,0.7894736941171161,6.615000057220459,7.1918040258989855,6.038196088541932,6.349999904632568,6.5,6.474999904632568,6.1499998569488525,4.599999904632568
2018-01-22,6.0,6.199999809265137,5.800000190734863,6.0,12830,0,0.0,0.0,0.7894736941171161,6.590000057220459,7.225590034585079,5.9544100798558395,6.349999904632568,6.5,6.474999904632568,6.1499998569488525,4.599999904632568
2018-01-23,6.099999904632568,6.099999904632568,5.800000190734863,6.099999904632568,14710,0,0.0,0.016666650772094727,0.8026315764707216,6.5500000476837155,7.203161484655045,5.896838610712386,6.349999904632568,6.5,6.474999904632568,6.1499998569488525,4.599999904632568
2018-01-24,6.099999904632568,6.099999904632568,5.900000095367432,6.0,3450,0,0.0,-0.01639342724524051,0.7894736941171161,6.500000047683716,7.1608550663625135,5.839145029004918,6.349999904632568,6.5,6.474999904632568,6.1499998569488525,4.699999809265137
2018-01-25,6.0,6.199999809265137,6.0,6.0,3740,0,0.0,0.0,0.7894736941171161,6.475000047683716,7.171239493100377,5.778760602267055,6.349999904632568,6.5,6.449999928474426,6.1499998569488525,5.0
2018-01-26,6.0,6.0,5.5,6.0,18220,0,0.0,0.0,0.7894736941171161,6.455000042915344,7.181370157670296,5.728629928160393,6.099999904632568,6.400000095367432,6.449999928474426,6.1499998569488525,5.099999904632568
2018-01-29,6.300000190734863,6.400000095367432,5.900000095367432,6.0,35190,0,0.0,0.0,0.7894736941171161,6.440000033378601,7.190802524494639,5.689197542262562,5.950000047683716,6.400000095367432,6.449999928474426,6.1499998569488525,5.300000190734863
2018-01-30,6.099999904632568,6.099999904632568,5.599999904632568,5.900000095367432,10540,0,0.0,-0.016666650772094727,0.7763158117635106,6.410000038146973,7.196317739201332,5.623682337092614,5.950000047683716,6.400000095367432,6.449999928474426,6.1499998569488525,5.099999904632568
2018-01-31,5.800000190734863,6.199999809265137,5.699999809265137,5.900000095367432,13450,0,0.0,0.0,0.7763158117635106,6.365000033378601,7.159948634776595,5.570051431980608,5.950000047683716,6.400000095367432,6.550000071525574,6.200000047683716,5.199999809265137
2018-02-01,5.699999809265137,6.199999809265137,5.199999809265137,5.5,24950,0,0.0,-0.06779662523760033,0.7236842196073564,6.29500002861023,7.1349644581254035,5.455035599095056,5.799999952316284,6.25,6.550000071525574,6.200000047683716,5.199999809265137
2018-02-02,5.599999904632568,5.800000190734863,5.0,5.199999809265137,21090,0,0.0,-0.05454548922452063,0.6842105098048077,6.2200000286102295,7.164489396137595,5.275510661082864,5.700000047683716,6.150000095367432,6.550000071525574,6.200000047683716,5.400000095367432
2018-02-05,5.199999809265137,5.400000095367432,4.800000190734863,4.900000095367432,31390,0,0.0,-0.05769225478877493,0.6447368627439911,6.12000002861023,7.173766958704725,5.066233098515735,5.6000001430511475,6.050000190734863,6.6250001192092896,6.200000047683716,5.5
2018-02-06,4.900000095367432,5.199999809265137,4.5,5.0,17100,0,0.0,0.020408143405366452,0.6578947450975966,6.030000019073486,7.14256645431106,4.917433583835912,5.450000047683716,5.900000095367432,6.650000095367432,6.200000047683716,5.599999904632568
2018-02-07,5.0,5.199999809265137,5.0,5.0,22560,0,0.0,0.0,0.6578947450975966,5.935000014305115,7.058732389142185,4.811267639468045,5.450000047683716,5.900000095367432,6.700000047683716,6.200000047683716,5.5
2018-02-08,5.300000190734863,5.300000190734863,5.0,5.099999904632568,19470,0,0.0,0.019999980926513672,0.6710526274512021,5.85,6.956004689699096,4.743995310300903,5.450000047683716,5.900000095367432,6.725000023841858,6.200000047683716,5.699999809265137
2018-02-09,5.5,5.5,4.800000190734863,5.099999904632568,14680,0,0.0,0.0,0.6710526274512021,5.759999990463257,6.799860242900611,4.720139738025902,5.349999904632568,5.75,6.725000023841858,6.200000047683716,5.900000095367432
2018-02-12,5.199999809265137,5.300000190734863,4.900000095367432,5.0,6530,0,0.0,-0.01960782480441492,0.6578947450975966,5.675,6.670099522261843,4.6799004777381565,5.349999904632568,5.75,6.725000023841858,6.200000047683716,6.0
2018-02-13,4.800000190734863,5.199999809265137,4.800000190734863,4.900000095367432,14190,0,0.0,-0.019999980926513672,0.6447368627439911,5.6,6.591282450210694,4.608717549789305,5.349999904632568,5.75,6.725000023841858,6.200000047683716,5.900000095367432
2018-02-14,4.900000095367432,5.099999904632568,4.800000190734863,4.900000095367432,26750,0,0.0,0.0,0.6447368627439911,5.529999995231629,6.511237093994979,4.548762896468278,5.150000095367432,5.75,6.725000023841858,6.200000047683716,5.800000190734863
2018-02-15,5.0,5.0,4.800000190734863,4.800000190734863,17470,0,0.0,-0.020408143405366563,0.6315789803903856,5.465000009536743,6.458879587091508,4.471120431981977,5.0,5.75,6.725000023841858,6.200000047683716,5.199999809265137
2018-02-16,4.800000190734863,5.0,4.800000190734863,5.0,13690,0,0.0,0.04166662527455389,0.6578947450975966,5.415000009536743,6.39659762653405,4.433402392539436,5.0,5.75,6.725000023841858,6.200000047683716,5.400000095367432
2018-02-20,5.0,5.0,4.599999904632568,4.800000190734863,8210,0,0.0,-0.039999961853027344,0.6315789803903856,5.355000019073486,6.332882947886149,4.377117090260824,5.049999952316284,5.75,6.725000023841858,6.200000047683716,5.5
2018-02-21,4.800000190734863,4.900000095367432,4.800000190734863,4.800000190734863,2780,0,0.0,0.0,0.6315789803903856,5.290000033378601,6.232989543080448,4.3470105236767544,5.049999952316284,5.599999904632568,6.7500001192092896,6.200000047683716,5.800000190734863
2018-02-22,4.800000190734863,4.900000095367432,4.599999904632568,4.699999809265137,8430,0,0.0,-0.02083341197834765,0.618421035295048,5.225000023841858,6.141843906422955,4.308156141260761,5.049999952316284,5.450000047683716,6.725000023841858,6.25,5.5
2018-02-23,4.800000190734863,4.800000190734863,4.599999904632568,4.800000190734863,9930,0,0.0,0.021276677771900232,0.6315789803903856,5.165000033378601,6.025886476175202,4.304113590582,4.950000047683716,5.450000047683716,6.649999976158142,6.300000190734863,5.599999904632568
2018-02-26,4.800000190734863,5.0,4.599999904632568,4.599999904632568,13710,0,0.0,-0.041666724615624595,0.6052631529414425,5.0950000286102295,5.898046301189473,4.291953756030986,4.8999998569488525,5.450000047683716,6.424999952316284,6.3500001430511475,5.800000190734863
2018-02-27,4.599999904632568,4.800000190734863,4.599999904632568,4.599999904632568,5810,0,0.0,0.0,0.6052631529414425,5.025000023841858,5.738450808531805,4.31154923915191,4.849999904632568,5.450000047683716,6.424999952316284,6.3500001430511475,5.599999904632568
2018-02-28,4.699999809265137,4.800000190734863,4.599999904632568,4.599999904632568,5630,0,0.0,0.0,0.6052631529414425,4.960000014305114,5.571266044531853,4.348733984078375,4.799999952316284,5.450000047683716,6.424999952316284,6.400000095367432,5.699999809265137
2018-03-01,4.699999809265137,4.800000190734863,4.599999904632568,4.599999904632568,4590,0,0.0,0.0,0.6052631529414425,4.895000004768372,5.346785646598861,4.443214362937883,4.799999952316284,5.450000047683716,6.424999952316284,6.400000095367432,5.900000095367432
2018-03-02,4.599999904632568,4.699999809265137,4.599999904632568,4.699999809265137,4290,0,0.0,0.021739110153428554,0.618421035295048,4.854999995231628,5.217383865092695,4.492616125370561,4.799999952316284,5.450000047683716,6.424999952316284,6.400000095367432,5.800000190734863
2018-03-05,4.699999809265137,5.199999809265137,4.699999809265137,5.0,18630,0,0.0,0.06382983040626322,0.6578947450975966,4.845000004768371,5.178321394364451,4.511678615172292,4.8999998569488525,5.450000047683716,6.424999952316284,6.400000095367432,5.599999904632568
2018-03-06,5.099999904632568,5.5,5.099999904632568,5.099999904632568,18450,0,0.0,0.019999980926513672,0.6710526274512021,4.854999995231628,5.206047720781786,4.50395226968147,5.049999952316284,5.450000047683716,6.25,6.400000095367432,5.800000190734863
2018-03-07,5.099999904632568,5.599999904632568,5.099999904632568,5.300000190734863,20450,0,0.0,0.039215743106313594,0.6973684549001452,4.870000004768372,5.267633282511171,4.472366727025572,5.099999904632568,5.349999904632568,6.175000071525574,6.400000095367432,5.900000095367432
2018-03-08,5.300000190734863,5.400000095367432,5.0,5.099999904632568,10790,0,0.0,-0.03773590168014018,0.6710526274512021,4.875,5.281558656302408,4.468441343697592,5.099999904632568,5.349999904632568,6.175000071525574,6.400000095367432,5.800000190734863
2018-03-09,5.199999809265137,5.400000095367432,5.0,5.199999809265137,13940,0,0.0,0.01960782480441492,0.6842105098048076,4.879999995231628,5.299891946968132,4.460108043495125,5.099999904632568,5.349999904632568,6.175000071525574,6.400000095367432,6.099999904632568
2018-03-12,5.199999809265137,5.5,5.099999904632568,5.199999809265137,18290,0,0.0,0.0,0.6842105098048076,4.884999990463257,5.3175810489525555,4.452418931973958,5.099999904632568,5.150000095367432,6.024999976158142,6.25,6.099999904632568
2018-03-13,5.300000190734863,5.5,5.099999904632568,5.400000095367432,12930,0,0.0,0.03846159489197354,0.7105263372537508,4.904999995231629,5.391272166319717,4.418727824143541,5.099999904632568,5.049999952316284,5.925000071525574,6.150000095367432,6.099999904632568
2018-03-14,5.5,5.699999809265137,5.400000095367432,5.5,21470,0,0.0,0.018518500530834592,0.7236842196073563,4.934999990463257,5.486721197269116,4.383278783657397,5.1499998569488525,5.099999904632568,5.825000166893005,6.050000190734863,6.099999904632568
2018-03-15,5.5,5.800000190734863,5.5,5.599999904632568,23460,0,0.0,0.018181800842285156,0.7368421019609618,4.969999980926514,5.593384442500702,4.3466155193523255,5.25,5.200000047683716,5.675000071525574,5.900000095367432,5.699999809265137
2018-03-16,5.5,5.699999809265137,5.300000190734863,5.5,14360,0,0.0,-0.017857126131349377,0.7236842196073563,5.00499997138977,5.664246748709015,4.345753194070525,5.400000095367432,5.200000047683716,5.675000071525574,5.900000095367432,5.5
2018-03-19,5.5,5.699999809265137,5.5,5.699999809265137,16340,0,0.0,0.03636360168457031,0.7499999843145673,5.039999961853027,5.7661612003416565,4.313838723364398,5.400000095367432,5.200000047683716,5.675000071525574,5.900000095367432,5.5
2018-03-20,5.699999809265137,5.900000095367432,5.599999904632568,5.900000095367432,13720,0,0.0,0.03508777066574664,0.7763158117635104,5.094999957084656,5.903066150502049,4.286933763667262,5.450000047683716,5.25,5.549999952316284,5.900000095367432,5.5
2018-03-21,5.699999809265137,6.099999904632568,5.699999809265137,6.0,23340,0,0.0,0.016949136104436047,0.7894736941171159,5.154999947547912,6.041800981479071,4.268198913616754,5.549999952316284,5.349999904632568,5.549999952316284,5.900000095367432,5.599999904632568
2018-03-22,6.099999904632568,6.300000190734863,5.5,5.900000095367432,21190,0,0.0,-0.016666650772094727,0.7763158117635104,5.214999961853027,6.132725618389912,4.297274305316142,5.700000047683716,5.450000047683716,5.549999952316284,5.900000095367432,5.900000095367432
2018-03-23,5.800000190734863,6.0,5.5,5.800000190734863,10610,0,0.0,-0.016949136104436047,0.7631579294099049,5.264999961853027,6.195850760887522,4.334149162818532,5.700000047683716,5.450000047683716,5.450000047683716,5.900000095367432,5.599999904632568
2018-03-26,5.699999809265137,5.800000190734863,5.199999809265137,5.199999809265137,19720,0,0.0,-0.10344833823077959,0.6842105098048077,5.294999957084656,6.17493450001586,4.415065414153451,5.75,5.450000047683716,5.375,5.900000095367432,5.599999904632568
2018-03-27,5.199999809265137,5.5,5.199999809265137,5.400000095367432,13640,0,0.0,0.03846159489197354,0.7105263372537509,5.334999966621399,6.1549885599272365,4.515011373315561,5.75,5.450000047683716,5.375,5.900000095367432,5.400000095367432
2018-03-28,5.400000095367432,5.599999904632568,5.0,5.5,21060,0,0.0,0.018518500530834592,0.7236842196073565,5.37999997138977,6.128645015142111,4.631354927637429,5.650000095367432,5.450000047683716,5.399999976158142,5.900000095367432,5.5
2018-03-29,5.5,5.800000190734863,5.199999809265137,5.800000190734863,15950,0,0.0,0.054545489224520516,0.7631579294099051,5.439999985694885,6.11717493801785,4.76282503337192,5.650000095367432,5.450000047683716,5.324999928474426,5.900000095367432,5.300000190734863
2018-04-02,5.800000190734863,5.900000095367432,5.400000095367432,5.5,46720,0,0.0,-0.051724169115389795,0.7236842196073565,5.479999995231628,6.064897185922864,4.895102804540392,5.650000095367432,5.450000047683716,5.25,5.900000095367432,5.300000190734863
2018-04-03,5.5,5.699999809265137,5.199999809265137,5.599999904632568,12180,0,0.0,0.018181800842285156,0.736842101960962,5.509999990463257,6.052947855844936,4.967052125081578,5.650000095367432,5.450000047683716,5.200000047683716,5.900000095367432,5.199999809265137
2018-04-04,5.800000190734863,5.900000095367432,5.400000095367432,5.800000190734863,24710,0,0.0,0.035714337412192876,0.7631579294099052,5.545000004768371,6.067355086905043,5.0226449226317,5.650000095367432,5.450000047683716,5.174999952316284,5.900000095367432,5.199999809265137
2018-04-05,5.699999809265137,5.900000095367432,5.5,5.599999904632568,24930,0,0.0,-0.0344828068146934,0.736842101960962,5.559999990463257,6.0703138126697045,5.049686168256809,5.5,5.450000047683716,5.149999976158142,5.900000095367432,5.099999904632568
2018-04-06,5.699999809265137,5.900000095367432,5.599999904632568,5.699999809265137,13520,0,0.0,0.017857126131349377,0.7499999843145675,5.589999985694885,6.056862259384136,5.123137712005635,5.450000047683716,5.450000047683716,5.125,5.900000095367432,5.199999809265137
2018-04-09,5.599999904632568,6.0,5.599999904632568,5.900000095367432,13080,0,0.0,0.03508777066574664,0.7763158117635106,5.625,6.074092542620516,5.175907457379484,5.5,5.450000047683716,5.125,5.900000095367432,5.0
2018-04-10,6.0,6.0,5.599999904632568,5.800000190734863,18130,0,0.0,-0.016949136104436047,0.7631579294099051,5.655000019073486,6.064531771625557,5.245468266521415,5.5,5.5,5.125,5.900000095367432,4.800000190734863
2018-04-11,5.800000190734863,6.0,5.5,5.599999904632568,17040,0,0.0,-0.0344828068146934,0.7368421019609619,5.665000009536743,6.05841599957313,5.271584019500356,5.599999904632568,5.650000095367432,5.174999952316284,5.900000095367432,5.0
2018-04-12,5.800000190734863,5.900000095367432,5.599999904632568,5.800000190734863,14400,0,0.0,0.035714337412192876,0.7631579294099051,5.6800000190734865,6.069931540523268,5.290068497623705,5.599999904632568,5.650000095367432,5.25,5.900000095367432,4.800000190734863
2018-04-13,5.800000190734863,5.900000095367432,5.599999904632568,5.900000095367432,12410,0,0.0,0.017241362300696395,0.7763158117635106,5.695000028610229,6.094535632294716,5.2954644249257425,5.599999904632568,5.650000095367432,5.224999904632568,5.900000095367432,4.599999904632568
2018-04-16,5.900000095367432,6.0,5.800000190734863,5.800000190734863,22250,0,0.0,-0.016949136104436047,0.7631579294099051,5.710000038146973,6.101484052713713,5.318516023580233,5.700000047683716,5.650000095367432,5.224999904632568,5.900000095367432,4.800000190734863
2018-04-17,5.800000190734863,6.400000095367432,5.800000190734863,6.099999904632568,23750,0,0.0,0.051724086902089406,0.8026315764707217,5.730000042915345,6.15705389797195,5.30294618785874,5.950000047683716,5.700000047683716,5.224999904632568,5.900000095367432,4.900000095367432
2018-04-18,6.5,6.599999904632568,6.099999904632568,6.099999904632568,31740,0,0.0,0.0,0.8026315764707217,5.740000033378601,6.191449981661733,5.28855008509547,6.049999952316284,5.799999952316284,5.125,5.900000095367432,4.800000190734863
2018-04-19,6.300000190734863,6.400000095367432,6.099999904632568,6.099999904632568,6980,0,0.0,0.0,0.8026315764707217,5.74500002861023,6.21001797815222,5.2799820790682395,6.049999952316284,5.799999952316284,5.074999928474426,5.900000095367432,4.800000190734863
2018-04-20,6.099999904632568,6.199999809265137,6.099999904632568,6.099999904632568,2560,0,0.0,0.0,0.8026315764707217,5.755000019073487,6.241272185204903,5.26872785294207,6.049999952316284,5.799999952316284,5.1249998807907104,5.900000095367432,5.099999904632568
2018-04-23,6.099999904632568,6.099999904632568,5.5,5.699999809265137,26070,0,0.0,-0.06557378715098938,0.7499999843145675,5.75,6.2363761045346235,5.2636238954653765,6.049999952316284,5.799999952316284,5.225000023841858,5.900000095367432,5.300000190734863
2018-04-24,5.800000190734863,5.800000190734863,5.400000095367432,5.5,18070,0,0.0,-0.03508768701010212,0.7236842196073564,5.7650000095367435,6.197581036823541,5.332418982249946,6.0,5.799999952316284,5.300000071525574,5.900000095367432,5.400000095367432
2018-04-25,5.400000095367432,5.699999809265137,5.300000190734863,5.5,22420,0,0.0,0.0,0.7236842196073564,5.770000004768372,6.187477342444085,5.352522667092659,5.950000047683716,5.799999952316284,5.300000071525574,5.900000095367432,5.5
2018-04-26,5.400000095367432,5.699999809265137,5.300000190734863,5.5,16430,0,0.0,0.0,0.7236842196073564,5.770000004768372,6.187477342444085,5.352522667092659,5.950000047683716,5.799999952316284,5.350000023841858,5.75,5.400000095367432
2018-04-27,5.5,5.699999809265137,5.400000095367432,5.599999904632568,10570,0,0.0,0.018181800842285156,0.7368421019609619,5.759999990463257,6.183726620803382,5.336273360123132,5.950000047683716,5.799999952316284,5.449999928474426,5.75,5.400000095367432
2018-04-30,5.5,5.900000095367432,5.5,5.900000095367432,5120,0,0.0,0.05357146354354225,0.7763158117635106,5.779999995231629,6.190148325599335,5.369851664863923,5.950000047683716,5.799999952316284,5.575000047683716,5.75,5.199999809265137
2018-05-01,5.699999809265137,5.900000095367432,5.300000190734863,5.599999904632568,25050,0,0.0,-0.05084748913316417,0.736842101960962,5.779999995231629,6.190148325599335,5.369851664863923,5.8500001430511475,5.799999952316284,5.575000047683716,5.75,5.199999809265137
2018-05-02,5.5,6.0,5.400000095367432,5.599999904632568,16120,0,0.0,0.0,0.736842101960962,5.769999980926514,6.187477334767886,5.352522627085142,5.75,5.799999952316284,5.600000023841858,5.75,5.099999904632568
2018-05-03,5.599999904632568,5.800000190734863,5.300000190734863,5.400000095367432,13770,0,0.0,-0.035714252262698754,0.710526337253751,5.759999990463257,6.202401848037065,5.317598132889449,5.700000047683716,5.799999952316284,5.600000023841858,5.75,5.300000190734863
2018-05-04,5.5,5.5,5.300000190734863,5.5,3300,0,0.0,0.018518500530834592,0.7236842196073566,5.75,6.2063498069742336,5.2936501930257664,5.650000095367432,5.8999998569488525,5.550000071525574,5.75,5.300000190734863
2018-05-07,5.400000095367432,5.400000095367432,5.300000190734863,5.300000190734863,2180,0,0.0,-0.03636360168457031,0.6973684549001457,5.720000004768371,6.210927496080881,5.229072513455861,5.650000095367432,5.8999998569488525,5.550000071525574,5.599999904632568,5.300000190734863
2018-05-08,5.300000190734863,5.400000095367432,5.300000190734863,5.300000190734863,6710,0,0.0,0.0,0.6973684549001457,5.695000004768372,6.21735487095724,5.172645138579504,5.650000095367432,5.8999998569488525,5.550000071525574,5.450000047683716,5.199999809265137
2018-05-09,5.300000190734863,5.300000190734863,5.199999809265137,5.199999809265137,5860,0,0.0,-0.018867995824705996,0.684210509804808,5.675,6.239759985079057,5.110240014920943,5.599999904632568,5.8999998569488525,5.550000071525574,5.450000047683716,5.099999904632568
2018-05-10,5.300000190734863,5.300000190734863,5.199999809265137,5.199999809265137,9230,0,0.0,0.0,0.684210509804808,5.644999980926514,6.243142306850135,5.046857655002892,5.599999904632568,5.8999998569488525,5.550000071525574,5.450000047683716,5.199999809265137
2018-05-11,5.199999809265137,5.199999809265137,4.800000190734863,5.099999904632568,15340,0,0.0,-0.01923075159625831,0.6710526274512025,5.604999971389771,6.236040492058919,4.973959450720622,5.400000095367432,5.700000047683716,5.475000023841858,5.450000047683716,5.099999904632568
2018-05-14,4.800000190734863,5.199999809265137,4.800000190734863,5.199999809265137,23720,0,0.0,0.01960782480441492,0.684210509804808,5.5749999523162845,6.223111521810325,4.926888382822244,5.400000095367432,5.700000047683716,5.450000047683716,5.450000047683716,5.599999904632568
2018-05-15,5.199999809265137,5.199999809265137,4.800000190734863,5.0,23100,0,0.0,-0.03846150319251662,0.6578947450975969,5.519999957084655,6.167253049440113,4.872746864729198,5.300000190734863,5.700000047683716,5.475000023841858,5.450000047683716,5.5
2018-05-16,5.0,5.0,4.800000190734863,4.800000190734863,10470,0,0.0,-0.039999961853027344,0.631578980390386,5.45499997138977,6.117306540164529,4.792693402615011,5.150000095367432,5.700000047683716,5.5,5.450000047683716,5.599999904632568
2018-05-17,4.800000190734863,5.099999904632568,4.800000190734863,5.0,10940,0,0.0,0.04166662527455389,0.657894745097597,5.399999976158142,6.019806350885923,4.780193601430361,5.1000001430511475,5.700000047683716,5.625,5.450000047683716,5.400000095367432
2018-05-18,5.0,5.0,4.800000190734863,4.800000190734863,7610,0,0.0,-0.039999961853027344,0.6315789803903861,5.334999990463257,5.918772442495941,4.751227538430573,5.1000001430511475,5.700000047683716,5.625,5.450000047683716,5.5
2018-05-21,4.800000190734863,4.800000190734863,4.5,4.599999904632568,15800,0,0.0,-0.041666724615624595,0.6052631529414428,5.279999995231629,5.92097502029882,4.639024970164438,4.900000095367432,5.549999952316284,5.625,5.400000095367432,5.400000095367432
2018-05-22,4.599999904632568,5.0,4.5,4.800000190734863,56950,0,0.0,0.04347832396711104,0.631578980390386,5.245000004768372,5.910352384483751,4.579647625052992,4.900000095367432,5.549999952316284,5.675000071525574,5.400000095367432,5.5
2018-05-23,4.900000095367432,4.900000095367432,4.800000190734863,4.900000095367432,4960,0,0.0,0.020833312637276835,0.6447368627439914,5.215000009536743,5.885799979166025,4.5442000399074605,4.849999904632568,5.549999952316284,5.825000047683716,5.450000047683716,5.5
2018-05-24,4.900000095367432,4.900000095367432,4.699999809265137,4.800000190734863,6260,0,0.0,-0.020408143405366563,0.631578980390386,5.1800000190734865,5.860748263760971,4.499251774386002,4.849999904632568,5.450000047683716,5.924999952316284,5.549999952316284,5.5
2018-05-25,4.800000190734863,4.800000190734863,4.699999809265137,4.800000190734863,7880,0,0.0,0.0,0.631578980390386,5.140000033378601,5.811176645020745,4.468823421736457,4.849999904632568,5.349999904632568,5.924999952316284,5.549999952316284,5.400000095367432
2018-05-29,4.800000190734863,5.199999809265137,4.699999809265137,5.099999904632568,21150,0,0.0,0.06249993791183073,0.6710526274512024,5.100000023841858,5.672317089778082,4.5276829579056335,4.849999904632568,5.299999952316284,5.924999952316284,5.549999952316284,5.199999809265137
2018-05-30,5.099999904632568,5.400000095367432,5.099999904632568,5.300000190734863,18210,0,0.0,0.039215743106313594,0.6973684549001455,5.085000038146973,5.618082790815318,4.551917285478627,4.950000047683716,5.25,5.924999952316284,5.599999904632568,5.300000190734863
2018-05-31,5.300000190734863,5.5,5.300000190734863,5.400000095367432,15210,0,0.0,0.018867905855434186,0.7105263372537511,5.075000047683716,5.575209429321616,4.574790666045816,5.0,5.25,5.899999976158142,5.599999904632568,5.099999904632568
2018-06-01,5.400000095367432,5.5,5.400000095367432,5.5,11270,0,0.0,0.018518500530834592,0.7236842196073567,5.080000042915344,5.595046183566013,4.5649539022646755,5.0,5.25,5.875,5.599999904632568,5.099999904632568
2018-06-04,5.5,5.599999904632568,5.400000095367432,5.400000095367432,3810,0,0.0,-0.018181800842285156,0.7105263372537513,5.075000047683716,5.575209429321616,4.574790666045816,5.049999952316284,5.25,5.875,5.599999904632568,5.099999904632568
2018-06-05,5.400000095367432,5.5,5.400000095367432,5.400000095367432,4070,0,0.0,0.0,0.7105263372537513,5.080000042915344,5.591105457911485,4.568894627919203,5.1499998569488525,5.25,5.875,5.599999904632568,5.099999904632568
2018-06-06,5.5,5.5,5.199999809265137,5.199999809265137,3580,0,0.0,-0.037037089364844955,0.6842105098048081,5.0750000238418576,5.579235269671099,4.570764778012616,5.1499998569488525,5.25,5.875,5.599999904632568,5.199999809265137
2018-06-07,5.199999809265137,5.300000190734863,5.099999904632568,5.199999809265137,3550,0,0.0,0.0,0.6842105098048081,5.0750000238418576,5.579235269671099,4.570764778012616,5.1499998569488525,5.25,5.825000047683716,5.599999904632568,5.0
2018-06-08,5.099999904632568,5.300000190734863,5.099999904632568,5.099999904632568,2670,0,0.0,-0.01923075159625831,0.6710526274512026,5.070000028610229,5.57111803480072,4.568882022419738,5.1499998569488525,5.150000095367432,5.774999976158142,5.599999904632568,5.099999904632568
2018-06-11,5.300000190734863,5.400000095367432,5.0,5.300000190734863,13440,0,0.0,0.039215743106313594,0.6973684549001458,5.080000042915344,5.591105457911485,4.568894627919203,5.299999952316284,5.049999952316284,5.75,5.599999904632568,5.199999809265137
2018-06-12,5.300000190734863,5.400000095367432,5.099999904632568,5.300000190734863,6730,0,0.0,0.0,0.6973684549001458,5.085000061988831,5.602689270224823,4.567310853752839,5.299999952316284,5.049999952316284,5.774999976158142,5.599999904632568,5.099999904632568
2018-06-13,5.400000095367432,5.400000095367432,5.300000190734863,5.300000190734863,5080,0,0.0,0.0,0.6973684549001458,5.1000000715255736,5.624383195845812,4.575616947205335,5.299999952316284,5.049999952316284,5.774999976158142,5.599999904632568,5.199999809265137
2018-06-14,5.199999809265137,5.300000190734863,5.099999904632568,5.199999809265137,5250,0,0.0,-0.018867995824705996,0.6842105098048081,5.120000052452087,5.627134151413377,4.612865953490798,5.299999952316284,5.049999952316284,5.774999976158142,5.599999904632568,5.400000095367432
2018-06-15,5.199999809265137,5.5,5.0,5.099999904632568,14680,0,0.0,-0.01923075159625831,0.6710526274512026,5.125000047683716,5.629235355654036,4.620764739713395,5.25,5.049999952316284,5.7499998807907104,5.599999904632568,5.300000190734863
2018-06-18,5.0,5.199999809265137,5.0,5.199999809265137,6940,0,0.0,0.01960782480441492,0.6842105098048081,5.145000028610229,5.627096281759511,4.662903775460948,5.25,5.049999952316284,5.7499998807907104,5.599999904632568,5.400000095367432
2018-06-19,5.199999809265137,5.300000190734863,5.099999904632568,5.099999904632568,21660,0,0.0,-0.01923075159625831,0.6710526274512026,5.17000002861023,5.582605783630326,4.757394273590133,5.25,5.049999952316284,5.550000071525574,5.599999904632568,5.5
2018-06-20,5.099999904632568,5.599999904632568,5.099999904632568,5.599999904632568,25270,0,0.0,0.09803921751955857,0.7368421019609624,5.210000014305114,5.626507574839036,4.793492453771193,5.299999952316284,5.049999952316284,5.550000071525574,5.599999904632568,5.400000095367432
2018-06-21,5.699999809265137,5.699999809265137,5.5,5.5,7470,0,0.0,-0.017857126131349377,0.723684219607357,5.240000009536743,5.649161192217281,4.830838826856206,5.349999904632568,5.099999904632568,5.5000001192092896,5.599999904632568,5.5
2018-06-22,5.5,5.599999904632568,5.5,5.599999904632568,4300,0,0.0,0.018181800842285156,0.7368421019609624,5.279999995231629,5.664711192800679,4.8952887976625785,5.349999904632568,5.099999904632568,5.425000071525574,5.6499998569488525,5.099999904632568
2018-06-25,5.599999904632568,5.599999904632568,5.300000190734863,5.400000095367432,12200,0,0.0,-0.035714252262698754,0.7105263372537515,5.309999990463257,5.627317517014383,4.99268246391213,5.349999904632568,5.099999904632568,5.400000095367432,5.700000047683716,5.199999809265137
2018-06-26,5.5,5.5,5.400000095367432,5.5,3920,0,0.0,0.018518500530834592,0.7236842196073571,5.329999995231629,5.642178427783119,5.017821562680139,5.349999904632568,5.099999904632568,5.400000095367432,5.700000047683716,5.199999809265137
2018-06-27,5.400000095367432,5.599999904632568,5.300000190734863,5.400000095367432,19180,0,0.0,-0.018181800842285156,0.7105263372537516,5.334999990463257,5.648309808865482,5.021690172061032,5.349999904632568,5.099999904632568,5.225000023841858,5.549999952316284,5.0
2018-06-28,5.5,5.5,5.400000095367432,5.5,8740,0,0.0,0.018518500530834592,0.7236842196073572,5.339999985694885,5.6604875884768004,5.01951238291297,5.349999904632568,5.199999809265137,5.225000023841858,5.549999952316284,5.199999809265137
2018-06-29,5.5,5.5,5.400000095367432,5.5,7860,0,0.0,0.0,0.7236842196073572,5.339999985694885,5.6604875884768004,5.01951238291297,5.3999998569488525,5.199999809265137,5.199999928474426,5.549999952316284,5.199999809265137
2018-07-02,5.400000095367432,5.5,5.300000190734863,5.5,13310,0,0.0,0.0,0.7236842196073572,5.344999980926514,5.672199271388036,5.017800690464992,5.3999998569488525,5.199999809265137,5.149999976158142,5.549999952316284,5.199999809265137
2018-07-03,5.5,5.5,5.400000095367432,5.400000095367432,1370,0,0.0,-0.018181800842285156,0.7105263372537517,5.344999980926514,5.672199271388036,5.017800690464992,5.5,5.199999809265137,5.099999904632568,5.549999952316284,5.199999809265137
2018-07-05,5.400000095367432,5.5,5.199999809265137,5.199999809265137,9590,0,0.0,-0.037037089364844955,0.6842105098048086,5.344999980926514,5.672199271388036,5.017800690464992,5.3999998569488525,5.349999904632568,5.074999928474426,5.549999952316284,5.199999809265137
2018-07-06,5.199999809265137,5.5,5.199999809265137,5.300000190734863,8050,0,0.0,0.019230843295715117,0.6973684549001462,5.35,5.671117838631151,5.028882161368848,5.3999998569488525,5.349999904632568,5.100000023841858,5.549999952316284,5.099999904632568
2018-07-09,5.199999809265137,5.400000095367432,5.099999904632568,5.099999904632568,15020,0,0.0,-0.03773590168014018,0.671052627451203,5.35,5.671117838631151,5.028882161368848,5.349999904632568,5.349999904632568,5.125,5.549999952316284,5.099999904632568
2018-07-10,5.099999904632568,5.400000095367432,5.099999904632568,5.099999904632568,5920,0,0.0,0.0,0.671052627451203,5.339999985694885,5.678885907653124,5.0011140637366465,5.349999904632568,5.349999904632568,5.125,5.549999952316284,4.699999809265137
2018-07-11,5.199999809265137,5.199999809265137,4.800000190734863,5.099999904632568,19220,0,0.0,0.0,0.671052627451203,5.32999997138977,5.684629228089237,4.975370714690303,5.150000095367432,5.25,5.149999976158142,5.549999952316284,4.699999809265137
2018-07-12,5.099999904632568,5.099999904632568,5.0,5.099999904632568,4270,0,0.0,0.0,0.671052627451203,5.319999957084656,5.688607324217129,4.951392589952183,5.150000095367432,5.25,5.199999928474426,5.549999952316284,4.599999904632568
2018-07-13,5.099999904632568,5.199999809265137,5.0,5.199999809265137,4220,0,0.0,0.01960782480441492,0.6842105098048085,5.319999957084656,5.688607324217129,4.951392589952183,5.150000095367432,5.25,5.199999928474426,5.549999952316284,4.5
2018-07-16,5.099999904632568,5.199999809265137,5.0,5.0,7520,0,0.0,-0.03846150319251662,0.6578947450975974,5.314999961853028,5.697999332504792,4.932000591201263,5.150000095367432,5.25,5.199999928474426,5.549999952316284,4.599999904632568
2018-07-17,5.300000190734863,5.300000190734863,5.0,5.099999904632568,19380,0,0.0,0.019999980926513672,0.6710526274512029,5.309999966621399,5.701483904843839,4.91851602839896,5.150000095367432,5.25,5.149999976158142,5.549999952316284,4.800000190734863
2018-07-18,5.099999904632568,5.199999809265137,4.900000095367432,5.199999809265137,20900,0,0.0,0.01960782480441492,0.6842105098048084,5.314999961853028,5.697999332504792,4.932000591201263,5.150000095367432,5.25,5.174999952316284,5.549999952316284,4.599999904632568
2018-07-19,5.099999904632568,5.400000095367432,5.099999904632568,5.099999904632568,13090,0,0.0,-0.01923075159625831,0.6710526274512029,5.289999961853027,5.660249242053572,4.9197506816524825,5.1000001430511475,5.25,5.174999952316284,5.549999952316284,4.900000095367432
2018-07-20,5.300000190734863,5.300000190734863,5.0,5.199999809265137,4770,0,0.0,0.01960782480441492,0.6842105098048084,5.274999952316284,5.6340206438672755,4.915979260765292,5.1000001430511475,5.25,5.174999952316284,5.549999952316284,5.0
2018-07-23,5.199999809265137,5.5,5.199999809265137,5.400000095367432,9360,0,0.0,0.03846159489197354,0.7105263372537516,5.264999961853027,5.59710602872279,4.932893894983264,5.150000095367432,5.25,5.174999952316284,5.549999952316284,5.099999904632568
2018-07-24,5.400000095367432,5.5,5.300000190734863,5.300000190734863,9060,0,0.0,-0.018518500530834592,0.697368454900146,5.259999966621399,5.58673551719063,4.933264416052167,5.200000047683716,5.25,5.149999976158142,5.549999952316284,5.199999809265137
2018-07-25,5.300000190734863,5.5,5.300000190734863,5.400000095367432,5130,0,0.0,0.018867905855434186,0.7105263372537516,5.25499997138977,5.56959785681026,4.94040208596928,5.200000047683716,5.25,5.149999976158142,5.549999952316284,5.099999904632568
2018-07-26,5.400000095367432,5.5,5.300000190734863,5.5,7210,0,0.0,0.018518500530834592,0.7236842196073572,5.259999966621399,5.58673551719063,4.933264416052167,5.200000047683716,5.25,5.149999976158142,5.549999952316284,5.199999809265137
2018-07-27,5.599999904632568,5.599999904632568,5.300000190734863,5.400000095367432,25110,0,0.0,-0.018181800842285156,0.7105263372537517,5.25499997138977,5.56959785681026,4.94040208596928,5.25,5.25,5.174999952316284,5.549999952316284,5.199999809265137
2018-07-30,5.400000095367432,5.599999904632568,5.300000190734863,5.5,8590,0,0.0,0.018518500530834592,0.7236842196073573,5.25499997138977,5.56959785681026,4.94040208596928,5.25,5.200000047683716,5.224999904632568,5.549999952316284,5.400000095367432
2018-07-31,5.599999904632568,5.599999904632568,5.099999904632568,5.099999904632568,18750,0,0.0,-0.07272729006680578,0.6710526274512031,5.234999966621399,5.535125762326146,4.934874170916652,5.299999952316284,5.200000047683716,5.224999904632568,5.549999952316284,5.300000190734863
2018-08-01,5.5,5.5,5.099999904632568,5.199999809265137,3650,0,0.0,0.01960782480441492,0.6842105098048086,5.224999952316284,5.515541137803225,4.934458766829343,5.299999952316284,5.200000047683716,5.224999904632568,5.549999952316284,5.199999809265137
2018-08-02,5.099999904632568,5.300000190734863,5.099999904632568,5.199999809265137,5490,0,0.0,0.0,0.6842105098048086,5.224999952316284,5.515541137803225,4.934458766829343,5.349999904632568,5.200000047683716,5.224999904632568,5.549999952316284,5.0
2018-08-03,5.199999809265137,5.199999809265137,5.0,5.0,5580,0,0.0,-0.03846150319251662,0.6578947450975975,5.209999942779541,5.514307092583886,4.905692792975197,5.299999952316284,5.200000047683716,5.224999904632568,5.549999952316284,5.0
2018-08-06,5.099999904632568,5.300000190734863,5.099999904632568,5.199999809265137,6940,0,0.0,0.039999961853027344,0.6842105098048086,5.21499993801117,5.515125698379853,4.914874177642487,5.299999952316284,5.200000047683716,5.2749998569488525,5.549999952316284,4.800000190734863
2018-08-07,5.199999809265137,5.300000190734863,5.199999809265137,5.199999809265137,3900,0,0.0,0.0,0.6842105098048086,5.219999933242798,5.515543354018287,4.92445651246731,5.299999952316284,5.200000047683716,5.299999833106995,5.549999952316284,4.800000190734863
2018-08-08,5.0,5.300000190734863,4.900000095367432,5.199999809265137,11830,0,0.0,0.0,0.6842105098048086,5.224999928474427,5.5155410890738095,4.934458767875044,5.25,5.200000047683716,5.299999833106995,5.450000047683716,4.800000190734863
2018-08-09,5.0,5.199999809265137,5.0,5.199999809265137,15830,0,0.0,0.0,0.6842105098048086,5.229999923706055,5.515096800842857,4.944903046569253,5.25,5.200000047683716,5.349999904632568,5.349999904632568,4.699999809265137
2018-08-10,5.300000190734863,5.300000190734863,5.099999904632568,5.199999809265137,4900,0,0.0,0.0,0.6842105098048086,5.229999923706055,5.515096800842857,4.944903046569253,5.25,5.200000047683716,5.3749998807907104,5.299999952316284,4.699999809265137
2018-08-13,5.199999809265137,5.199999809265137,5.099999904632568,5.099999904632568,4210,0,0.0,-0.01923075159625831,0.6710526274512031,5.2349999189376835,5.506846055299904,4.963153782575463,5.200000047683716,5.200000047683716,5.3749998807907104,5.25,4.599999904632568
2018-08-14,5.099999904632568,5.199999809265137,4.900000095367432,5.099999904632568,12240,0,0.0,0.0,0.6710526274512031,5.2349999189376835,5.506846055299904,4.963153782575463,5.1000001430511475,5.200000047683716,5.349999904632568,5.25,4.599999904632568
2018-08-15,5.099999904632568,5.099999904632568,4.599999904632568,4.699999809265137,28610,0,0.0,-0.07843139271514354,0.6184210352950489,5.209999918937683,5.569161408533447,4.850838429341919,4.950000047683716,5.099999904632568,5.349999904632568,5.25,4.5
2018-08-16,4.900000095367432,5.0,4.0,4.699999809265137,68480,0,0.0,0.0,0.6184210352950489,5.189999914169311,5.611334069565454,4.768665758773168,4.650000095367432,4.799999952316284,5.200000047683716,5.25,4.800000190734863
2018-08-17,4.699999809265137,4.800000190734863,4.400000095367432,4.599999904632568,6160,0,0.0,-0.021276576317181495,0.6052631529414434,5.159999918937683,5.65421141281012,4.665788425065246,4.650000095367432,4.799999952316284,5.200000047683716,5.25,4.699999809265137
2018-08-20,4.699999809265137,4.699999809265137,4.400000095367432,4.5,9460,0,0.0,-0.021739110153428554,0.5921052705878379,5.114999914169312,5.674002514835204,4.55599731350342,4.650000095367432,4.799999952316284,5.200000047683716,5.25,4.599999904632568
2018-08-21,4.5,4.800000190734863,4.400000095367432,4.599999904632568,16590,0,0.0,0.02222220102945971,0.6052631529414435,5.079999899864196,5.6751771937136,4.484822606014792,4.650000095367432,4.799999952316284,5.200000047683716,5.25,4.599999904632568
2018-08-22,4.599999904632568,4.900000095367432,4.5,4.800000190734863,7750,0,0.0,0.04347832396711104,0.6315789803903866,5.0499999046325685,5.63799990135331,4.461999907911827,4.650000095367432,4.799999952316284,5.200000047683716,5.150000095367432,4.599999904632568
2018-08-23,5.0,5.0,4.5,4.599999904632568,24250,0,0.0,-0.041666724615624595,0.6052631529414434,5.004999899864197,5.5859949974079806,4.424004802320414,4.599999904632568,4.799999952316284,5.200000047683716,5.099999904632568,4.599999904632568
2018-08-24,4.699999809265137,5.199999809265137,4.699999809265137,4.900000095367432,28490,0,0.0,0.0652174341205396,0.6447368627439921,4.979999899864197,5.53291076224253,4.427089037485864,4.599999904632568,4.799999952316284,5.175000071525574,5.099999904632568,4.599999904632568
2018-08-27,4.900000095367432,5.300000190734863,4.900000095367432,5.0,16600,0,0.0,0.020408143405366452,0.6578947450975976,4.954999899864196,5.453589786618587,4.456410013109806,4.650000095367432,4.799999952316284,5.175000071525574,5.099999904632568,4.5
2018-08-28,5.199999809265137,5.300000190734863,5.099999904632568,5.099999904632568,12020,0,0.0,0.019999980926513672,0.6710526274512031,4.954999899864196,5.453589786618587,4.456410013109806,4.650000095367432,4.799999952316284,5.200000047683716,5.099999904632568,4.400000095367432
2018-08-29,5.099999904632568,5.400000095367432,5.099999904632568,5.199999809265137,7280,0,0.0,0.01960782480441492,0.6842105098048086,4.954999899864196,5.453589786618587,4.456410013109806,4.900000095367432,4.799999952316284,5.225000023841858,5.099999904632568,4.599999904632568
2018-08-30,5.300000190734863,5.300000190734863,4.800000190734863,5.099999904632568,17930,0,0.0,-0.01923075159625831,0.6710526274512031,4.949999904632568,5.440515348234042,4.459484461031094,4.900000095367432,4.799999952316284,5.225000023841858,5.099999904632568,4.400000095367432
2018-08-31,5.5,5.599999904632568,5.099999904632568,5.199999809265137,69240,0,0.0,0.01960782480441492,0.6842105098048086,4.959999895095825,5.462326859420011,4.457672930771639,5.0,4.799999952316284,5.225000023841858,5.099999904632568,5.099999904632568
2018-09-04,5.400000095367432,5.400000095367432,5.099999904632568,5.199999809265137,17450,0,0.0,0.0,0.6842105098048086,4.959999895095825,5.462326859420011,4.457672930771639,5.049999952316284,4.799999952316284,5.25,5.099999904632568,5.099999904632568
2018-09-05,5.199999809265137,5.5,5.099999904632568,5.400000095367432,23830,0,0.0,0.03846159489197354,0.7105263372537518,4.96999990940094,5.498607335916618,4.441392482885262,5.049999952316284,4.799999952316284,5.225000023841858,5.099999904632568,5.099999904632568
2018-09-06,5.300000190734863,5.400000095367432,5.099999904632568,5.300000190734863,6800,0,0.0,-0.018518500530834592,0.6973684549001462,4.974999928474427,5.514117145081065,4.435882711867788,5.1499998569488525,4.799999952316284,5.25,5.099999904632568,5.099999904632568
2018-09-07,5.300000190734863,5.400000095367432,5.0,5.199999809265137,4070,0,0.0,-0.018867995824705996,0.6842105098048086,4.974999928474427,5.514117145081065,4.435882711867788,5.200000047683716,4.799999952316284,5.25,5.099999904632568,4.900000095367432
2018-09-10,5.099999904632568,5.300000190734863,5.0,5.0,16870,0,0.0,-0.03846150319251662,0.6578947450975975,4.96499993801117,5.494276361962562,4.435723514059777,5.200000047683716,4.799999952316284,5.274999976158142,5.099999904632568,4.800000190734863
2018-09-11,5.099999904632568,5.099999904632568,5.0,5.0,6870,0,0.0,0.0,0.6578947450975975,4.959999942779541,5.485923150152675,4.434076735406408,5.200000047683716,4.799999952316284,5.25,5.099999904632568,4.800000190734863
2018-09-12,4.900000095367432,5.0,4.800000190734863,4.800000190734863,16400,0,0.0,-0.039999961853027344,0.6315789803903864,4.944999957084656,5.471211408990008,4.418788505179304,5.200000047683716,4.799999952316284,5.25,5.199999809265137,4.699999809265137
2018-09-13,4.800000190734863,5.0,4.699999809265137,4.800000190734863,16210,0,0.0,0.0,0.6315789803903864,4.949999976158142,5.468567212675797,4.431432739640487,5.1499998569488525,4.799999952316284,5.25,5.199999809265137,4.800000190734863
2018-09-14,4.800000190734863,5.0,4.699999809265137,4.800000190734863,5730,0,0.0,0.0,0.6315789803903864,4.954999995231629,5.465610682983567,4.44438930747969,5.099999904632568,4.799999952316284,5.225000023841858,5.199999809265137,4.699999809265137
2018-09-17,4.900000095367432,4.900000095367432,4.699999809265137,4.699999809265137,7330,0,0.0,-0.02083341197834765,0.6184210352950488,4.959999990463257,5.458285679780229,4.461714301146285,5.099999904632568,4.799999952316284,5.225000023841858,5.199999809265137,4.800000190734863
2018-09-18,4.699999809265137,4.800000190734863,4.699999809265137,4.699999809265137,5860,0,0.0,0.0,0.6184210352950488,4.969999980926514,5.437727451379519,4.502272510473508,5.049999952316284,4.799999952316284,5.225000023841858,5.25,4.800000190734863
2018-09-19,4.699999809265137,4.800000190734863,4.400000095367432,4.599999904632568,13420,0,0.0,-0.021276576317181495,0.6052631529414433,4.969999980926514,5.437727451379519,4.502272510473508,4.900000095367432,4.799999952316284,5.200000047683716,5.25,4.900000095367432
2018-09-20,4.699999809265137,4.800000190734863,4.5,4.599999904632568,15640,0,0.0,0.0,0.6052631529414433,4.959999966621399,5.450103114446647,4.46989681879615,4.8500001430511475,4.799999952316284,5.150000095367432,5.25,5.400000095367432
2018-09-21,4.800000190734863,4.800000190734863,4.5,4.5,8080,0,0.0,-0.021739110153428554,0.5921052705878378,4.95499997138977,5.461635464198252,4.448364478581289,4.75,4.799999952316284,5.024999976158142,5.1499998569488525,5.0
2018-09-24,4.599999904632568,4.900000095367432,4.599999904632568,4.800000190734863,4870,0,0.0,0.06666670905219174,0.6315789803903864,4.949999976158142,5.4607096745052,4.439290277811084,4.700000047683716,5.0,4.725000023841858,4.849999904632568,5.0
2018-09-25,4.699999809265137,4.800000190734863,4.599999904632568,4.699999809265137,9440,0,0.0,-0.02083341197834765,0.6184210352950488,4.934999966621399,5.456580187688333,4.4134197455544655,4.700000047683716,5.0,4.725000023841858,4.849999904632568,5.199999809265137
2018-09-26,4.699999809265137,4.800000190734863,4.599999904632568,4.599999904632568,13990,0,0.0,-0.021276576317181495,0.6052631529414433,4.909999966621399,5.445448074642919,4.374551858599879,4.700000047683716,5.0,4.725000023841858,4.849999904632568,5.199999809265137
2018-09-27,4.599999904632568,4.599999904632568,4.599999904632568,4.599999904632568,3690,0,0.0,0.0,0.6052631529414433,4.87999997138977,5.4143140802457586,4.345685862533782,4.650000095367432,5.0,4.725000023841858,4.849999904632568,5.099999904632568
2018-09-28,4.599999904632568,4.800000190734863,4.599999904632568,4.599999904632568,5590,0,0.0,0.0,0.6052631529414433,4.854999971389771,5.39261497881576,4.317384963963781,4.650000095367432,5.0,4.725000023841858,4.849999904632568,4.900000095367432
2018-10-01,4.599999904632568,4.699999809265137,4.599999904632568,4.599999904632568,2560,0,0.0,0.0,0.6052631529414433,4.824999976158142,5.348901001890313,4.3010989504259705,4.650000095367432,5.0,4.699999928474426,4.849999904632568,5.099999904632568
2018-10-02,4.699999809265137,4.699999809265137,4.5,4.599999904632568,9320,0,0.0,0.0,0.6052631529414433,4.794999980926514,5.297628924162018,4.2923710376910105,4.700000047683716,5.0,4.699999928474426,4.849999904632568,5.0
2018-10-03,4.5,4.699999809265137,4.400000095367432,4.5,12980,0,0.0,-0.021739110153428554,0.5921052705878378,4.749999976158142,5.183631485307705,4.316368467008578,4.650000095367432,5.0,4.725000023841858,4.849999904632568,5.199999809265137
2018-10-04,4.5,4.5,4.400000095367432,4.400000095367432,8980,0,0.0,-0.0222222010294596,0.5789473882342323,4.70499997138977,5.083752450522082,4.326247492257458,4.650000095367432,5.0,4.725000023841858,4.849999904632568,5.0
2018-10-05,4.5,4.599999904632568,4.400000095367432,4.599999904632568,6540,0,0.0,0.04545450112051319,0.6052631529414434,4.6749999761581424,4.979140945979665,4.3708590063366195,4.6000001430511475,5.0,4.850000023841858,4.849999904632568,5.199999809265137
2018-10-08,4.599999904632568,4.599999904632568,4.300000190734863,4.400000095367432,9590,0,0.0,-0.04347822030685711,0.5789473882342324,4.644999980926514,4.93274399833457,4.357255963518457,4.550000190734863,4.950000047683716,4.850000023841858,4.849999904632568,5.0
2018-10-09,4.800000190734863,5.5,4.599999904632568,5.099999904632568,74120,0,0.0,0.15909086229387492,0.6710526274512032,4.649999976158142,4.964758384469878,4.335241567846406,4.900000095367432,4.900000095367432,4.899999976158142,4.849999904632568,5.300000190734863
2018-10-10,5.0,5.5,5.0,5.099999904632568,35420,0,0.0,0.0,0.6710526274512032,4.664999961853027,5.031820195671748,4.298179728034307,4.900000095367432,4.900000095367432,4.924999952316284,4.849999904632568,5.0
2018-10-11,5.099999904632568,5.199999809265137,5.0,5.099999904632568,5640,0,0.0,0.0,0.6710526274512032,4.679999947547913,5.0901482262013245,4.269851668894501,4.900000095367432,4.900000095367432,4.924999952316284,4.799999952316284,5.0
2018-10-12,5.199999809265137,5.199999809265137,5.0,5.099999904632568,3030,0,0.0,0.0,0.6710526274512032,4.694999933242798,5.142287799424685,4.2477120670609105,4.900000095367432,4.900000095367432,4.974999904632568,4.799999952316284,4.900000095367432
2018-10-15,5.099999904632568,5.199999809265137,4.900000095367432,4.900000095367432,4990,0,0.0,-0.03921564960882995,0.6447368627439921,4.704999947547913,5.161238949294152,4.248760945801674,4.900000095367432,4.900000095367432,5.0,4.799999952316284,4.900000095367432
2018-10-16,4.900000095367432,5.0,4.800000190734863,4.800000190734863,16690,0,0.0,-0.020408143405366563,0.6315789803903866,4.709999966621399,5.168118559926792,4.251881373316006,4.900000095367432,4.900000095367432,5.0,4.799999952316284,4.800000190734863
2018-10-17,4.699999809265137,5.0,4.599999904632568,4.800000190734863,8910,0,0.0,0.0,0.6315789803903866,4.719999980926514,5.176792617614233,4.263207344238794,4.900000095367432,4.900000095367432,5.0,4.799999952316284,4.800000190734863
2018-10-18,4.800000190734863,5.0,4.699999809265137,4.699999809265137,8340,0,0.0,-0.02083341197834765,0.618421035295049,4.724999976158142,5.178572201324819,4.2714277509914655,4.900000095367432,4.900000095367432,5.0,4.799999952316284,4.800000190734863
2018-10-19,4.900000095367432,5.0,4.800000190734863,4.800000190734863,17760,0,0.0,0.021276677771900232,0.6315789803903867,4.739999985694885,5.182401830193056,4.297598141196714,5.049999952316284,4.900000095367432,4.974999904632568,4.799999952316284,4.800000190734863
2018-10-22,4.800000190734863,5.0,4.5,4.699999809265137,23140,0,0.0,-0.02083341197834765,0.6184210352950491,4.734999966621399,5.176830155086183,4.293169778156615,5.0,4.900000095367432,4.949999928474426,4.799999952316284,4.900000095367432
2018-10-23,4.599999904632568,4.800000190734863,4.599999904632568,4.800000190734863,16880,0,0.0,0.021276677771900232,0.6315789803903868,4.739999985694885,5.182401830193056,4.297598141196714,4.849999904632568,4.900000095367432,4.949999928474426,4.799999952316284,4.900000095367432
2018-10-24,4.699999809265137,4.900000095367432,4.699999809265137,4.800000190734863,2650,0,0.0,0.0,0.6315789803903868,4.75,5.188269301591822,4.311730698408178,4.849999904632568,4.900000095367432,4.924999952316284,4.799999952316284,4.599999904632568
2018-10-25,4.699999809265137,5.099999904632568,4.699999809265137,4.900000095367432,16320,0,0.0,0.020833312637276835,0.6447368627439923,4.7650000095367435,5.202230071322602,4.327769947750885,4.849999904632568,4.900000095367432,4.850000023841858,4.799999952316284,4.699999809265137
2018-10-26,4.800000190734863,5.400000095367432,4.800000190734863,5.400000095367432,19660,0,0.0,0.10204081434053669,0.7105263372537521,4.8050000190734865,5.315610749309009,4.294389288837964,4.950000047683716,4.900000095367432,4.825000047683716,4.799999952316284,4.699999809265137
2018-10-29,5.300000190734863,5.300000190734863,5.0,5.0,16180,0,0.0,-0.07407409042651403,0.6578947450975979,4.8250000238418576,5.333229334670388,4.3167707130133275,4.950000047683716,4.900000095367432,4.774999976158142,4.799999952316284,4.900000095367432
2018-10-30,5.0,5.199999809265137,4.699999809265137,5.0,4160,0,0.0,0.0,0.6578947450975979,4.8450000286102295,5.347628831821208,4.342371225399251,4.950000047683716,4.900000095367432,4.850000023841858,4.799999952316284,4.599999904632568
2018-10-31,5.300000190734863,5.300000190734863,4.199999809265137,5.199999809265137,36620,0,0.0,0.039999961853027344,0.684210509804809,4.880000019073487,5.379096568097762,4.380903470049211,4.799999952316284,4.849999904632568,4.850000023841858,4.799999952316284,4.699999809265137
2018-11-01,5.300000190734863,5.300000190734863,4.800000190734863,5.199999809265137,19470,0,0.0,0.0,0.684210509804809,4.920000004768371,5.385561001572826,4.4544390079639165,4.799999952316284,4.849999904632568,4.850000023841858,4.799999952316284,4.699999809265137
2018-11-02,5.199999809265137,5.400000095367432,5.0,5.099999904632568,14980,0,0.0,-0.01923075159625831,0.6710526274512034,4.945000004768372,5.392287820296812,4.497712189239931,4.799999952316284,4.849999904632568,4.825000047683716,4.799999952316284,4.599999904632568
2018-11-05,5.199999809265137,5.300000190734863,4.900000095367432,4.900000095367432,9530,0,0.0,-0.03921564960882995,0.6447368627439923,4.970000004768371,5.341339667449972,4.59866034208677,4.799999952316284,4.849999904632568,4.825000047683716,4.799999952316284,4.599999904632568
2018-11-06,5.0,5.199999809265137,5.0,5.099999904632568,3060,0,0.0,0.04081628681073313,0.6710526274512034,4.970000004768371,5.341339667449972,4.59866034208677,4.799999952316284,4.849999904632568,4.825000047683716,4.799999952316284,4.599999904632568
2018-11-07,5.199999809265137,5.199999809265137,4.900000095367432,5.0,5240,0,0.0,-0.01960782480441492,0.6578947450975979,4.965000009536743,5.331820161878098,4.598179857195388,4.799999952316284,4.849999904632568,4.850000023841858,4.799999952316284,4.5
2018-11-08,5.0,5.199999809265137,5.0,5.199999809265137,2540,0,0.0,0.039999961853027344,0.684210509804809,4.970000004768371,5.346745179709281,4.593254829827462,4.799999952316284,4.849999904632568,4.825000047683716,4.799999952316284,4.5
2018-11-09,5.199999809265137,5.199999809265137,5.0,5.0,2320,0,0.0,-0.03846150319251662,0.6578947450975979,4.965000009536743,5.337291301302353,4.592708717771132,4.799999952316284,4.849999904632568,4.825000047683716,4.799999952316284,4.400000095367432
2018-11-12,5.099999904632568,5.199999809265137,5.099999904632568,5.199999809265137,4480,0,0.0,0.039999961853027344,0.684210509804809,4.979999995231628,5.364711057472683,4.595288932990573,4.799999952316284,4.849999904632568,4.800000071525574,4.799999952316284,4.400000095367432
2018-11-13,5.199999809265137,5.300000190734863,4.900000095367432,5.0,44120,0,0.0,-0.03846150319251662,0.6578947450975979,4.989999985694885,5.365670285752737,4.614329685637033,5.1000001430511475,4.849999904632568,4.7500001192092896,4.799999952316284,4.199999809265137
2018-11-14,5.0,5.400000095367432,5.0,5.300000190734863,30030,0,0.0,0.060000038146972745,0.6973684549001468,5.014999985694885,5.403242456069368,4.626757515320403,5.150000095367432,4.849999904632568,4.900000095367432,4.799999952316284,4.199999809265137
2018-11-15,5.199999809265137,5.300000190734863,4.900000095367432,5.0,39120,0,0.0,-0.05660380753557426,0.657894745097598,5.029999995231629,5.390285412031894,4.669714578431363,5.150000095367432,4.799999952316284,4.900000095367432,4.799999952316284,4.199999809265137
2018-11-16,5.0,5.199999809265137,4.900000095367432,5.0,16560,0,0.0,0.0,0.657894745097598,5.039999985694886,5.384800462603822,4.695199508785949,5.150000095367432,4.799999952316284,4.900000095367432,4.799999952316284,4.0
2018-11-19,5.0,5.0,4.900000095367432,4.900000095367432,4210,0,0.0,-0.019999980926513672,0.6447368627439926,5.05,5.364758270475321,4.735241729524678,5.150000095367432,4.799999952316284,4.900000095367432,4.799999952316284,4.099999904632568
2018-11-20,4.900000095367432,5.0,4.900000095367432,4.900000095367432,2980,0,0.0,0.0,0.6447368627439926,5.054999995231628,5.356469908886085,4.753530081577171,5.150000095367432,4.799999952316284,4.900000095367432,4.799999952316284,4.199999809265137
2018-11-21,4.900000095367432,5.0,4.699999809265137,4.800000190734863,8230,0,0.0,-0.020408143405366563,0.6315789803903871,5.054999995231628,5.356469908886085,4.753530081577171,5.049999952316284,4.799999952316284,4.900000095367432,4.799999952316284,4.400000095367432
2018-11-23,4.699999809265137,4.800000190734863,4.599999904632568,4.800000190734863,4590,0,0.0,0.0,0.6315789803903871,5.05,5.364758270475321,4.735241729524678,5.0,4.799999952316284,4.900000095367432,4.799999952316284,4.300000190734863
2018-11-26,4.800000190734863,5.0,4.699999809265137,4.800000190734863,7030,0,0.0,0.0,0.6315789803903871,5.020000004768372,5.308620791030028,4.731379218506716,5.0,4.799999952316284,4.900000095367432,4.799999952316284,4.300000190734863
2018-11-27,4.800000190734863,4.900000095367432,4.699999809265137,4.800000190734863,7850,0,0.0,0.0,0.6315789803903871,5.010000014305115,5.314306863127646,4.705693165482584,5.0,4.799999952316284,4.975000023841858,4.799999952316284,4.300000190734863
2018-11-28,4.800000190734863,5.099999904632568,4.800000190734863,4.900000095367432,14340,0,0.0,0.020833312637276835,0.6447368627439926,5.005000019073487,5.313103627810638,4.696896410336335,4.950000047683716,4.799999952316284,4.950000047683716,4.799999952316284,4.199999809265137
2018-11-29,4.900000095367432,4.900000095367432,4.800000190734863,4.900000095367432,8410,0,0.0,0.0,0.6447368627439926,4.990000033378601,5.28758847457883,4.692411592178373,4.8999998569488525,4.799999952316284,4.875,4.799999952316284,4.300000190734863
2018-11-30,4.900000095367432,5.0,4.599999904632568,4.599999904632568,28090,0,0.0,-0.06122452752980356,0.6052631529414438,4.960000038146973,5.286735364459211,4.633264711834734,4.849999904632568,4.799999952316284,4.875,4.799999952316284,4.300000190734863
2018-12-03,4.599999904632568,4.800000190734863,4.599999904632568,4.699999809265137,12630,0,0.0,0.021739110153428554,0.6184210352950493,4.940000033378601,5.278885830158883,4.601114236598319,4.849999904632568,4.799999952316284,4.875,4.799999952316284,4.5
2018-12-04,4.900000095367432,4.900000095367432,4.5,4.699999809265137,14920,0,0.0,0.0,0.6184210352950493,4.9300000190734865,5.284629172464079,4.575370865682894,4.799999952316284,4.799999952316284,4.925000071525574,4.799999952316284,4.400000095367432
2018-12-06,4.5,4.900000095367432,4.5,4.900000095367432,19410,0,0.0,0.042553254089081616,0.6447368627439924,4.92000002861023,5.265971356810872,4.574028700409587,4.799999952316284,4.799999952316284,4.925000071525574,4.799999952316284,4.400000095367432
2018-12-07,4.800000190734863,4.900000095367432,4.599999904632568,4.599999904632568,8880,0,0.0,-0.06122452752980356,0.6052631529414437,4.900000023841858,5.270794912989827,4.529205134693888,4.799999952316284,4.799999952316284,4.925000071525574,4.950000047683716,4.300000190734863
2018-12-10,4.699999809265137,4.800000190734863,4.599999904632568,4.699999809265137,7370,0,0.0,0.021739110153428554,0.6184210352950492,4.875000023841858,5.228344121143832,4.521655926539885,4.799999952316284,4.950000047683716,4.824999928474426,4.8999998569488525,4.5
2018-12-11,4.699999809265137,4.800000190734863,4.699999809265137,4.699999809265137,4400,0,0.0,0.0,0.6184210352950492,4.860000014305115,5.216335608660843,4.503664419949387,4.799999952316284,4.950000047683716,4.824999928474426,4.8999998569488525,4.5
2018-12-12,4.699999809265137,4.800000190734863,4.599999904632568,4.599999904632568,6590,0,0.0,-0.021276576317181495,0.6052631529414437,4.830000019073486,5.167091388616142,4.49290864953083,4.75,4.950000047683716,4.824999928474426,4.8999998569488525,4.5
2018-12-13,4.699999809265137,4.699999809265137,4.599999904632568,4.599999904632568,4660,0,0.0,0.0,0.6052631529414437,4.810000014305115,5.151856174382452,4.468143854227778,4.75,4.950000047683716,4.824999928474426,4.8999998569488525,4.400000095367432
2018-12-14,4.599999904632568,4.599999904632568,4.5,4.599999904632568,6090,0,0.0,0.0,0.6052631529414437,4.775,5.0438546550475225,4.506145344952478,4.700000047683716,4.950000047683716,4.824999928474426,4.8999998569488525,4.5
2018-12-17,4.599999904632568,4.699999809265137,4.400000095367432,4.5,15980,0,0.0,-0.021739110153428554,0.5921052705878382,4.75,5.023514522396481,4.476485477603519,4.650000095367432,4.900000095367432,4.824999928474426,4.8999998569488525,4.5
2018-12-18,4.599999904632568,4.599999904632568,4.400000095367432,4.5,13770,0,0.0,0.0,0.5921052705878382,4.725,4.9938546550475245,4.456145344952475,4.650000095367432,4.900000095367432,4.824999928474426,4.8999998569488525,4.300000190734863
2018-12-19,4.5,4.599999904632568,4.400000095367432,4.400000095367432,4570,0,0.0,-0.0222222010294596,0.5789473882342328,4.7,4.991409760240964,4.408590239759036,4.650000095367432,4.900000095367432,4.824999928474426,4.8999998569488525,4.300000190734863
2018-12-20,4.400000095367432,4.599999904632568,4.400000095367432,4.400000095367432,23550,0,0.0,0.0,0.5789473882342328,4.675,4.979140977746446,4.370859022253554,4.6000001430511475,4.900000095367432,4.824999928474426,4.8999998569488525,4.300000190734863
2018-12-21,4.5,4.699999809265137,4.199999809265137,4.199999809265137,21130,0,0.0,-0.04545460949259217,0.5526315607852895,4.644999980926514,5.007383942574086,4.282616019278941,4.5,4.799999952316284,4.975000023841858,4.8999998569488525,4.099999904632568
2018-12-24,4.199999809265137,4.5,4.199999809265137,4.199999809265137,10520,0,0.0,0.0,0.5526315607852895,4.6149999618530275,5.018563719722934,4.211436203983121,4.5,4.75,5.0,4.849999904632568,4.099999904632568
2018-12-26,4.300000190734863,4.300000190734863,4.099999904632568,4.199999809265137,16240,0,0.0,0.0,0.5526315607852895,4.584999942779541,5.017581088190015,4.152418797369068,4.3999998569488525,4.6499998569488525,4.975000023841858,4.849999904632568,4.199999809265137
2018-12-27,4.300000190734863,4.300000190734863,4.0,4.0,21910,0,0.0,-0.04761900436850974,0.5263157960780784,4.5449999332427975,5.035412443521972,4.054587422963623,4.349999904632568,4.549999952316284,4.975000023841858,4.849999904632568,4.099999904632568
2018-12-28,4.199999809265137,4.199999809265137,4.0,4.099999904632568,7560,0,0.0,0.02499997615814209,0.5394736784316839,4.5049999237060545,5.003589923580868,4.006409923831241,4.349999904632568,4.549999952316284,4.975000023841858,4.849999904632568,4.199999809265137
2018-12-31,4.099999904632568,4.300000190734863,4.099999904632568,4.199999809265137,26060,0,0.0,0.02439022120941492,0.5526315607852894,4.46999990940094,4.950520868021615,3.989478950780265,4.349999904632568,4.549999952316284,4.975000023841858,4.849999904632568,4.099999904632568
2019-01-02,4.199999809265137,4.5,4.099999904632568,4.400000095367432,15120,0,0.0,0.04761911790117157,0.5789473882342325,4.459999918937683,4.937566390541434,3.982433447333932,4.349999904632568,4.549999952316284,4.924999952316284,4.849999904632568,4.099999904632568
2019-01-03,4.300000190734863,4.5,4.300000190734863,4.300000190734863,6860,0,0.0,-0.022727250560256596,0.5657895058806269,4.439999938011169,4.90902248757168,3.970977388450659,4.349999904632568,4.549999952316284,4.899999976158142,4.849999904632568,4.199999809265137
2019-01-04,4.300000190734863,4.300000190734863,4.300000190734863,4.300000190734863,5700,0,0.0,0.0,0.5657895058806269,4.419999957084656,4.876792627542281,3.9632072866270303,4.349999904632568,4.549999952316284,4.899999976158142,4.849999904632568,4.300000190734863
2019-01-07,4.5,4.5,4.199999809265137,4.300000190734863,7010,0,0.0,0.0,0.5657895058806269,4.389999961853027,4.791680394435588,3.9883195292704663,4.25,4.549999952316284,4.899999976158142,4.849999904632568,4.199999809265137
2019-01-08,4.300000190734863,4.5,4.199999809265137,4.199999809265137,9740,0,0.0,-0.023255901635817477,0.5526315607852893,4.369999957084656,4.767633147540695,3.972366766628617,4.25,4.5,4.875,4.849999904632568,4.099999904632568
2019-01-09,4.400000095367432,4.400000095367432,4.199999809265137,4.300000190734863,18630,0,0.0,0.023809615716916754,0.5657895058806269,4.349999976158142,4.718058326554852,3.9819416257614333,4.25,4.5,4.849999904632568,4.849999904632568,4.099999904632568
2019-01-10,4.300000190734863,4.400000095367432,4.199999809265137,4.300000190734863,8160,0,0.0,0.0,0.5657895058806269,4.329999995231629,4.661038843454352,3.9989611470089046,4.25,4.450000047683716,4.824999928474426,4.849999904632568,4.400000095367432
2019-01-11,4.300000190734863,4.5,4.300000190734863,4.5,4550,0,0.0,0.04651158148692014,0.592105270587838,4.325,4.642158159072277,4.007841840927723,4.299999952316284,4.450000047683716,4.824999928474426,4.849999904632568,4.5
2019-01-14,4.5,4.599999904632568,4.400000095367432,4.400000095367432,7440,0,0.0,-0.0222222010294596,0.5789473882342325,4.315000009536743,4.608311567491331,4.021688451582156,4.349999904632568,4.450000047683716,4.799999952316284,4.849999904632568,4.699999809265137
2019-01-15,4.599999904632568,4.599999904632568,4.300000190734863,4.400000095367432,5220,0,0.0,0.0,0.5789473882342325,4.3050000190734865,4.5708294490492225,4.0391705890977505,4.3999998569488525,4.450000047683716,4.799999952316284,4.849999904632568,4.5
2019-01-16,4.400000095367432,4.400000095367432,4.199999809265137,4.300000190734863,12590,0,0.0,-0.022727250560256596,0.5657895058806269,4.29500002861023,4.545155397975133,4.044844659245326,4.3999998569488525,4.400000095367432,4.799999952316284,4.849999904632568,4.5
2019-01-17,4.400000095367432,4.699999809265137,4.400000095367432,4.5,11160,0,0.0,0.04651158148692014,0.592105270587838,4.29500002861023,4.545155397975133,4.044844659245326,4.449999809265137,4.400000095367432,4.875,4.849999904632568,4.300000190734863
2019-01-18,4.599999904632568,4.599999904632568,4.400000095367432,4.5,6420,0,0.0,0.0,0.592105270587838,4.300000023841858,4.562191714701929,4.037808332981787,4.449999809265137,4.400000095367432,4.875,4.849999904632568,4.300000190734863
2019-01-22,4.5,4.699999809265137,4.400000095367432,4.5,10770,0,0.0,0.0,0.592105270587838,4.3050000190734865,4.578329614254829,4.031670423892144,4.449999809265137,4.349999904632568,4.850000023841858,4.849999904632568,4.300000190734863
2019-01-23,4.599999904632568,4.800000190734863,4.400000095367432,4.400000095367432,8510,0,0.0,-0.0222222010294596,0.5789473882342325,4.315000033378601,4.58684613427542,4.043153932481782,4.5,4.400000095367432,4.850000023841858,4.849999904632568,4.099999904632568
2019-01-24,4.5,4.5,4.400000095367432,4.5,1160,0,0.0,0.022727250560256484,0.592105270587838,4.330000042915344,4.607914444867654,4.052085640963035,4.5,4.400000095367432,4.825000047683716,4.849999904632568,4.300000190734863
2019-01-25,4.300000190734863,4.599999904632568,4.300000190734863,4.5,20280,0,0.0,0.0,0.592105270587838,4.345000052452088,4.625629379991429,4.064370724912746,4.5,4.400000095367432,4.775000095367432,4.849999904632568,4.400000095367432
2019-01-28,4.5,4.5,4.199999809265137,4.300000190734863,22530,0,0.0,-0.04444440205891931,0.5657895058806269,4.36000006198883,4.592780618375416,4.127219505602245,4.5,4.400000095367432,4.775000095367432,4.849999904632568,4.300000190734863
2019-01-29,4.400000095367432,4.400000095367432,4.199999809265137,4.300000190734863,7900,0,0.0,0.0,0.5657895058806269,4.3700000762939455,4.572094760399227,4.167905392188664,4.5,4.400000095367432,4.775000095367432,4.849999904632568,4.300000190734863
2019-01-30,4.400000095367432,4.400000095367432,4.199999809265137,4.300000190734863,1900,0,0.0,0.0,0.5657895058806269,4.375000095367431,4.564442954485636,4.185557236249227,4.5,4.400000095367432,4.7500001192092896,4.849999904632568,4.199999809265137
2019-01-31,4.300000190734863,4.400000095367432,4.099999904632568,4.099999904632568,11280,0,0.0,-0.04651169237927755,0.5394736784316838,4.360000085830689,4.583926356775405,4.136073814885973,4.450000047683716,4.400000095367432,4.649999976158142,4.849999904632568,4.199999809265137
2019-02-01,4.099999904632568,4.199999809265137,4.099999904632568,4.099999904632568,15670,0,0.0,0.0,0.5394736784316838,4.3500000715255736,4.600357301552709,4.099642841498438,4.450000047683716,4.400000095367432,4.625,4.849999904632568,4.300000190734863
2019-02-04,4.099999904632568,4.199999809265137,4.0,4.199999809265137,14620,0,0.0,0.02439022120941492,0.5526315607852893,4.345000052452088,4.603111375161101,4.086888729743075,4.400000095367432,4.400000095367432,4.5249998569488525,4.75,4.5
2019-02-05,4.099999904632568,4.400000095367432,4.099999904632568,4.099999904632568,7150,0,0.0,-0.023809502184254927,0.5394736784316837,4.335000038146973,4.614184710794333,4.055815365499613,4.299999952316284,4.400000095367432,4.449999928474426,4.700000047683716,4.400000095367432
2019-02-06,4.199999809265137,4.300000190734863,4.199999809265137,4.199999809265137,2610,0,0.0,0.02439022120941492,0.5526315607852892,4.335000038146973,4.614184710794333,4.055815365499613,4.299999952316284,4.400000095367432,4.449999928474426,4.700000047683716,4.400000095367432
2019-02-07,4.199999809265137,4.300000190734863,4.099999904632568,4.099999904632568,9350,0,0.0,-0.023809502184254927,0.5394736784316836,4.3250000238418576,4.622418832532931,4.027581215150784,4.25,4.400000095367432,4.449999928474426,4.700000047683716,4.900000095367432
2019-02-08,4.099999904632568,4.300000190734863,4.099999904632568,4.099999904632568,4830,0,0.0,0.0,0.5394736784316836,4.315000009536743,4.628309846402118,4.001690172671369,4.200000047683716,4.400000095367432,4.449999928474426,4.700000047683716,5.0
2019-02-11,4.199999809265137,4.300000190734863,4.199999809265137,4.199999809265137,6160,0,0.0,0.02439022120941492,0.5526315607852891,4.3,4.604970869375294,3.995029130624706,4.200000047683716,4.400000095367432,4.449999928474426,4.700000047683716,5.0
2019-02-12,4.199999809265137,4.300000190734863,4.099999904632568,4.300000190734863,5000,0,0.0,0.023809615716916754,0.5657895058806267,4.295000004768371,4.596470132691867,3.993529876844876,4.200000047683716,4.400000095367432,4.449999928474426,4.700000047683716,4.900000095367432
2019-02-13,4.199999809265137,4.300000190734863,4.199999809265137,4.199999809265137,4200,0,0.0,-0.023255901635817477,0.5526315607852891,4.284999990463257,4.585125768500025,3.984874212426489,4.200000047683716,4.400000095367432,4.399999976158142,4.700000047683716,4.599999904632568
2019-02-14,4.199999809265137,4.300000190734863,4.099999904632568,4.099999904632568,2840,0,0.0,-0.023809502184254927,0.5394736784316835,4.274999976158142,4.585717773925415,3.9642821783908686,4.200000047683716,4.400000095367432,4.375,4.700000047683716,4.400000095367432
2019-02-15,4.199999809265137,4.300000190734863,4.099999904632568,4.099999904632568,6800,0,0.0,0.0,0.5394736784316835,4.25499997138977,4.556470113704461,3.9535298290750793,4.25,4.400000095367432,4.375,4.700000047683716,4.5
2019-02-19,4.300000190734863,4.400000095367432,4.199999809265137,4.400000095367432,9820,0,0.0,0.07317077992999343,0.5789473882342322,4.249999976158142,4.5379196995611535,3.9620802527551304,4.25,4.400000095367432,4.350000023841858,4.700000047683716,4.400000095367432
2019-02-20,4.400000095367432,4.699999809265137,4.400000095367432,4.5,20490,0,0.0,0.022727250560256484,0.5921052705878377,4.249999976158142,4.5379196995611535,3.9620802527551304,4.3999998569488525,4.400000095367432,4.375,4.700000047683716,4.5
2019-02-21,4.699999809265137,4.800000190734863,4.5,4.699999809265137,9150,0,0.0,0.0444444020589192,0.6184210352950487,4.264999961853027,4.609066792412129,3.920933131293925,4.450000047683716,4.400000095367432,4.399999976158142,4.700000047683716,4.5
2019-02-22,4.599999904632568,4.800000190734863,4.400000095367432,4.5,10050,0,0.0,-0.0425531526343631,0.5921052705878376,4.264999961853027,4.609066792412129,3.920933131293925,4.450000047683716,4.400000095367432,4.424999952316284,4.700000047683716,4.699999809265137
2019-02-25,4.599999904632568,4.599999904632568,4.400000095367432,4.5,10910,0,0.0,0.0,0.5921052705878376,4.264999961853027,4.609066792412129,3.920933131293925,4.450000047683716,4.400000095367432,4.399999976158142,4.700000047683716,4.699999809265137
2019-02-26,4.5,4.599999904632568,4.300000190734863,4.300000190734863,6510,0,0.0,-0.04444440205891931,0.5657895058806265,4.264999961853027,4.609066792412129,3.920933131293925,4.450000047683716,4.400000095367432,4.424999952316284,4.700000047683716,4.699999809265137
2019-02-27,4.300000190734863,4.400000095367432,4.300000190734863,4.300000190734863,5960,0,0.0,0.0,0.5657895058806265,4.264999961853027,4.609066792412129,3.920933131293925,4.450000047683716,4.400000095367432,4.424999952316284,4.700000047683716,4.5
2019-02-28,4.300000190734863,4.400000095367432,4.300000190734863,4.300000190734863,3880,0,0.0,0.0,0.5657895058806265,4.264999961853027,4.609066792412129,3.920933131293925,4.450000047683716,4.400000095367432,4.3999998569488525,4.700000047683716,4.5
2019-03-01,4.400000095367432,4.400000095367432,4.099999904632568,4.099999904632568,45510,0,0.0,-0.04651169237927755,0.5394736784316834,4.264999961853027,4.609066792412129,3.920933131293925,4.450000047683716,4.400000095367432,4.450000047683716,4.700000047683716,4.699999809265137
2019-03-04,4.099999904632568,4.5,4.099999904632568,4.300000190734863,21780,0,0.0,0.048780558720578515,0.5657895058806266,4.274999976158142,4.610738977306997,3.9392609750092875,4.450000047683716,4.400000095367432,4.450000047683716,4.700000047683716,4.699999809265137
2019-03-05,4.400000095367432,4.5,4.300000190734863,4.400000095367432,11070,0,0.0,0.02325579074346007,0.5789473882342321,4.284999990463257,4.623139299756154,3.94686068117036,4.450000047683716,4.400000095367432,4.450000047683716,4.700000047683716,4.400000095367432
2019-03-06,4.400000095367432,4.400000095367432,4.199999809265137,4.300000190734863,3770,0,0.0,-0.022727250560256596,0.5657895058806265,4.295000004768371,4.622199279023825,3.967800730512918,4.450000047683716,4.400000095367432,4.450000047683716,4.700000047683716,4.300000190734863
2019-03-07,4.400000095367432,4.400000095367432,4.199999809265137,4.300000190734863,6640,0,0.0,0.0,0.5657895058806265,4.300000023841858,4.624250786628245,3.9757492610554714,4.349999904632568,4.400000095367432,4.450000047683716,4.700000047683716,4.400000095367432
2019-03-08,4.199999809265137,4.300000190734863,4.199999809265137,4.199999809265137,5440,0,0.0,-0.023255901635817477,0.5526315607852889,4.3050000190734865,4.619597821750014,3.9904022163969586,4.349999904632568,4.400000095367432,4.450000047683716,4.700000047683716,4.300000190734863
2019-03-11,4.300000190734863,4.300000190734863,4.199999809265137,4.199999809265137,7590,0,0.0,0.0,0.5526315607852889,4.310000014305115,4.614307110249667,4.0056929183605625,4.299999952316284,4.400000095367432,4.425000071525574,4.700000047683716,4.400000095367432
2019-03-12,4.300000190734863,4.5,4.300000190734863,4.300000190734863,9720,0,0.0,0.023809615716916754,0.5657895058806265,4.315000033378601,4.615125723075252,4.014874343681949,4.299999952316284,4.400000095367432,4.425000071525574,4.650000095367432,4.199999809265137
2019-03-13,4.5,4.5,4.400000095367432,4.5,7420,0,0.0,0.04651158148692014,0.5921052705878376,4.3250000238418576,4.635717728523274,4.014282319160441,4.299999952316284,4.450000047683716,4.400000095367432,4.599999904632568,4.099999904632568
2019-03-14,4.5,4.5,4.400000095367432,4.400000095367432,7580,0,0.0,-0.0222222010294596,0.5789473882342321,4.335000038146973,4.641788578487547,4.0282114978063985,4.299999952316284,4.450000047683716,4.350000023841858,4.549999952316284,4.199999809265137
2019-03-15,4.5,4.5,4.400000095367432,4.400000095367432,3900,0,0.0,0.0,0.5789473882342321,4.350000047683716,4.637919620401786,4.062080474965646,4.349999904632568,4.450000047683716,4.350000023841858,4.549999952316284,4.300000190734863
2019-03-18,4.400000095367432,5.099999904632568,4.400000095367432,4.900000095367432,23930,0,0.0,0.11363636117336173,0.6447368627439918,4.390000057220459,4.743487092256883,4.036513022184035,4.6499998569488525,4.599999904632568,4.325000047683716,4.549999952316284,4.199999809265137
2019-03-19,5.0,5.199999809265137,4.800000190734863,5.0,28260,0,0.0,0.020408143405366452,0.6578947450975973,4.420000052452087,4.863315002020781,3.976685102883393,4.699999809265137,4.6499998569488525,4.300000071525574,4.549999952316284,4.199999809265137
2019-03-20,4.900000095367432,5.099999904632568,4.900000095367432,5.0,20160,0,0.0,0.0,0.6578947450975973,4.445000052452087,4.955610757197463,3.934389347706712,4.699999809265137,4.6499998569488525,4.300000071525574,4.549999952316284,4.199999809265137
2019-03-21,5.0,5.099999904632568,4.5,4.900000095367432,30140,0,0.0,-0.019999980926513672,0.6447368627439918,4.4550000667572025,4.992615031143543,3.9173851023708623,4.699999809265137,4.6499998569488525,4.300000071525574,4.549999952316284,4.300000190734863
2019-03-22,5.199999809265137,5.199999809265137,4.400000095367432,4.599999904632568,35610,0,0.0,-0.06122452752980356,0.6052631529414431,4.460000061988831,5.00108263156276,3.918917492414902,4.75,4.6499998569488525,4.300000071525574,4.549999952316284,4.400000095367432
2019-03-25,4.800000190734863,4.900000095367432,4.300000190734863,4.400000095367432,15990,0,0.0,-0.04347822030685711,0.5789473882342321,4.4550000667572025,4.996362821010667,3.9136373125037376,4.75,4.6499998569488525,4.300000071525574,4.5,4.5
2019-03-26,4.400000095367432,4.5,4.300000190734863,4.5,6470,0,0.0,0.022727250560256484,0.5921052705878376,4.465000057220459,5.001862322286411,3.9281377921545078,4.75,4.6499998569488525,4.325000047683716,4.5,4.900000095367432
2019-03-27,4.300000190734863,4.5,4.300000190734863,4.400000095367432,5570,0,0.0,-0.0222222010294596,0.5789473882342321,4.470000052452088,5.002418728982808,3.9375813759213676,4.75,4.6499998569488525,4.325000047683716,4.450000047683716,5.300000190734863
2019-03-28,4.400000095367432,4.599999904632568,4.400000095367432,4.5,8440,0,0.0,0.022727250560256484,0.5921052705878376,4.480000042915345,5.006691577448926,3.953308508381763,4.75,4.6499998569488525,4.399999976158142,4.450000047683716,5.699999809265137
2019-03-29,4.599999904632568,4.699999809265137,4.400000095367432,4.5,19250,0,0.0,0.0,0.5921052705878376,4.500000047683716,4.996660042229156,4.003340053138276,4.75,4.6499998569488525,4.425000071525574,4.450000047683716,5.800000190734863
2019-04-01,4.599999904632568,4.800000190734863,4.300000190734863,4.699999809265137,15870,0,0.0,0.0444444020589192,0.6184210352950485,4.520000028610229,5.015028946719726,4.024971110500733,4.75,4.6499998569488525,4.425000071525574,4.450000047683716,5.800000190734863
2019-04-02,4.699999809265137,4.800000190734863,4.5,4.699999809265137,13060,0,0.0,0.0,0.6184210352950485,4.535000014305115,5.032778254758127,4.037221773852102,4.75,4.6499998569488525,4.425000071525574,4.400000095367432,6.0
2019-04-03,4.599999904632568,4.800000190734863,4.5,4.699999809265137,5280,0,0.0,0.0,0.6184210352950485,4.554999995231628,5.045412435720446,4.06458755474281,4.75,4.6499998569488525,4.425000071525574,4.400000095367432,5.800000190734863
2019-04-04,4.800000190734863,4.800000190734863,4.300000190734863,4.5,6070,0,0.0,-0.0425531526343631,0.5921052705878375,4.564999985694885,5.04203694054773,4.08796303084204,4.6000001430511475,4.6499998569488525,4.425000071525574,4.400000095367432,5.800000190734863
2019-04-05,4.5,4.599999904632568,4.5,4.5,3690,0,0.0,0.0,0.5921052705878375,4.579999995231629,5.027852575870336,4.132147414592922,4.550000190734863,4.6499998569488525,4.425000071525574,4.400000095367432,5.699999809265137
2019-04-08,4.599999904632568,4.699999809265137,4.300000190734863,4.699999809265137,22940,0,0.0,0.0444444020589192,0.6184210352950484,4.604999995231628,5.01943925059275,4.190560739870506,4.550000190734863,4.6499998569488525,4.425000071525574,4.400000095367432,5.400000095367432
2019-04-09,4.699999809265137,4.699999809265137,4.599999904632568,4.699999809265137,7960,0,0.0,0.0,0.6184210352950484,4.624999976158142,5.016354655265104,4.233645297051179,4.550000190734863,4.699999809265137,4.425000071525574,4.400000095367432,5.400000095367432
2019-04-10,4.699999809265137,4.699999809265137,4.400000095367432,4.400000095367432,4380,0,0.0,-0.0638297289515446,0.5789473882342319,4.619999980926513,5.0201674611803435,4.219832500672683,4.550000190734863,4.699999809265137,4.425000071525574,4.400000095367432,5.5
2019-04-11,4.5,4.599999904632568,4.300000190734863,4.300000190734863,14190,0,0.0,-0.022727250560256596,0.5657895058806264,4.614999985694885,5.028462356799219,4.201537614590551,4.550000190734863,4.699999809265137,4.425000071525574,4.400000095367432,5.400000095367432
2019-04-12,4.400000095367432,4.5,4.199999809265137,4.400000095367432,9700,0,0.0,0.02325579074346007,0.5789473882342319,4.614999985694885,5.028462356799219,4.201537614590551,4.5,4.699999809265137,4.375,4.400000095367432,5.300000190734863
2019-04-15,4.5,4.5,4.199999809265137,4.300000190734863,18550,0,0.0,-0.022727250560256596,0.5657895058806264,4.584999990463257,4.998462316097356,4.171537664829158,4.5,4.699999809265137,4.375,4.400000095367432,5.0
2019-04-16,4.300000190734863,4.5,4.300000190734863,4.400000095367432,14090,0,0.0,0.02325579074346007,0.5789473882342319,4.554999995231628,4.928375849475899,4.181624140987357,4.5,4.699999809265137,4.350000023841858,4.400000095367432,5.099999904632568
2019-04-17,4.300000190734863,4.400000095367432,4.199999809265137,4.199999809265137,9180,0,0.0,-0.04545460949259217,0.5526315607852887,4.514999985694885,4.859066615902746,4.1709333554870245,4.449999809265137,4.699999809265137,4.350000023841858,4.400000095367432,4.900000095367432
2019-04-18,4.199999809265137,4.199999809265137,4.099999904632568,4.099999904632568,12030,0,0.0,-0.023809502184254927,0.5394736784316833,4.474999976158142,4.816707927012583,4.133292025303701,4.3999998569488525,4.6499998569488525,4.375,4.400000095367432,5.0
2019-04-22,4.199999809265137,4.300000190734863,3.799999952316284,4.199999809265137,82450,0,0.0,0.02439022120941492,0.5526315607852887,4.45499997138977,4.811760672297351,4.09823927048219,4.2499998807907104,4.4999998807907104,4.375,4.400000095367432,5.0
2019-04-23,4.199999809265137,4.300000190734863,4.199999809265137,4.300000190734863,24180,0,0.0,0.023809615716916754,0.5657895058806264,4.449999976158142,4.812523176966749,4.0874767753495345,4.2499998807907104,4.4999998807907104,4.399999976158142,4.400000095367432,4.900000095367432
2019-04-24,4.199999809265137,4.300000190734863,4.199999809265137,4.199999809265137,4420,0,0.0,-0.023255901635817477,0.5526315607852887,4.434999966621399,4.812683170043272,4.057316763199527,4.199999928474426,4.4999998807907104,4.6249998807907104,4.549999952316284,4.699999809265137
2019-04-25,4.199999809265137,4.199999809265137,4.0,4.199999809265137,10750,0,0.0,0.0,0.5526315607852887,4.424999952316284,4.816354612946822,4.033645291685747,4.149999976158142,4.4999998807907104,4.674999833106995,4.599999904632568,4.800000190734863
2019-04-26,4.199999809265137,4.199999809265137,4.0,4.199999809265137,13430,0,0.0,0.0,0.5526315607852887,4.409999942779541,4.811680356160495,4.0083195293985865,4.149999976158142,4.4999998807907104,4.674999833106995,4.599999904632568,4.699999809265137
2019-04-29,4.199999809265137,4.300000190734863,4.099999904632568,4.300000190734863,14910,0,0.0,0.023809615716916754,0.5657895058806264,4.399999952316284,4.802183394417781,3.9978165102147862,4.149999976158142,4.4999998807907104,4.674999833106995,4.599999904632568,4.699999809265137
2019-04-30,4.300000190734863,4.5,4.199999809265137,4.400000095367432,30210,0,0.0,0.02325579074346007,0.5789473882342319,4.384999966621399,4.762683213439309,4.007316719803488,4.149999976158142,4.350000023841858,4.699999928474426,4.599999904632568,4.5
2019-05-01,4.599999904632568,4.599999904632568,4.5,4.5,14310,0,0.0,0.022727250560256484,0.5921052705878374,4.374999976158142,4.728343977961145,4.021655974355139,4.199999928474426,4.300000071525574,4.699999928474426,4.599999904632568,4.400000095367432
2019-05-02,4.599999904632568,5.0,4.400000095367432,4.900000095367432,90780,0,0.0,0.08888891008165145,0.6447368627439916,4.384999990463257,4.783522086806457,3.9864778941200565,4.399999976158142,4.399999976158142,4.699999928474426,4.599999904632568,4.300000190734863
2019-05-03,4.800000190734863,5.5,4.5,5.300000190734863,112950,0,0.0,0.08163267093517002,0.6973684549001457,4.425,4.989760121648886,3.8602398783511136,4.75,4.649999976158142,4.699999928474426,4.599999904632568,4.400000095367432
2019-05-06,5.400000095367432,6.0,5.400000095367432,5.699999809265137,66500,0,0.0,0.07547162342173652,0.7499999843145677,4.4849999904632565,5.2799485463812434,3.690051434545269,5.0,4.899999976158142,4.699999928474426,4.599999904632568,4.300000190734863
2019-05-07,5.699999809265137,5.800000190734863,5.400000095367432,5.800000190734863,28850,0,0.0,0.017543927160695638,0.7631579294099053,4.540000009536743,5.519793733426746,3.5602062856467405,5.0,4.899999976158142,4.699999928474426,4.599999904632568,4.400000095367432
2019-05-08,5.900000095367432,5.900000095367432,5.5,5.800000190734863,16250,0,0.0,0.0,0.7631579294099053,4.5950000286102295,5.71909225476793,3.470907802452529,5.0,4.899999976158142,4.699999928474426,4.599999904632568,4.5
2019-05-09,5.800000190734863,6.0,5.5,6.0,27920,0,0.0,0.03448272460139301,0.7894736941171164,4.675000023841858,5.951378452609551,3.3986215950741654,5.049999952316284,4.899999976158142,4.699999928474426,4.599999904632568,4.400000095367432
2019-05-10,6.0,6.0,5.599999904632568,5.800000190734863,10580,0,0.0,-0.03333330154418945,0.7631579294099055,4.750000023841858,6.104200465711809,3.395799581971907,5.099999904632568,4.899999976158142,4.699999928474426,4.599999904632568,4.400000095367432
2019-05-13,5.900000095367432,6.0,5.599999904632568,5.800000190734863,15290,0,0.0,0.0,0.7631579294099055,4.820000028610229,6.238516870539272,3.401483186681186,5.200000047683716,4.899999976158142,4.625,4.599999904632568,4.400000095367432
2019-05-14,5.800000190734863,6.300000190734863,5.599999904632568,5.699999809265137,101670,0,0.0,-0.017241444513996895,0.7499999843145678,4.8900000095367435,6.337162379136851,3.4428376399366365,5.3500001430511475,5.050000071525574,4.600000023841858,4.599999904632568,4.400000095367432
2019-05-15,5.699999809265137,5.699999809265137,5.0,5.400000095367432,53550,0,0.0,-0.052631530515153124,0.7105263372537513,4.940000009536743,6.385065154948601,3.494934864124886,5.400000095367432,5.050000071525574,4.600000023841858,4.599999904632568,4.300000190734863
2019-05-16,5.5,5.699999809265137,5.199999809265137,5.400000095367432,23500,0,0.0,0.0,0.7105263372537513,5.000000023841858,6.416234438872003,3.5837656088117136,5.650000095367432,5.050000071525574,4.625,4.599999904632568,4.199999809265137
2019-05-17,5.5,5.5,5.099999904632568,5.5,22200,0,0.0,0.018518500530834592,0.7236842196073568,5.070000028610229,6.4384587213468105,3.7015413358736478,5.650000095367432,5.050000071525574,4.625,4.599999904632568,4.199999809265137
2019-05-20,5.300000190734863,5.400000095367432,5.099999904632568,5.400000095367432,28500,0,0.0,-0.018181800842285156,0.7105263372537514,5.130000042915344,6.444192836029329,3.81580724980136,5.650000095367432,5.050000071525574,4.625,4.599999904632568,4.199999809265137
2019-05-21,5.199999809265137,5.5,5.199999809265137,5.300000190734863,19650,0,0.0,-0.018518500530834592,0.6973684549001458,5.180000042915344,6.438391170876775,3.921608914953912,5.650000095367432,5.050000071525574,4.599999904632568,4.599999904632568,4.300000190734863
2019-05-22,5.300000190734863,5.300000190734863,5.0,5.0,16180,0,0.0,-0.05660380753557426,0.6578947450975972,5.220000052452088,6.39874779630579,4.041252308598385,5.650000095367432,5.050000071525574,4.599999904632568,4.599999904632568,4.199999809265137
2019-05-23,5.199999809265137,5.300000190734863,4.5,5.099999904632568,26440,0,0.0,0.019999980926513672,0.6710526274512026,5.265000057220459,6.348425677688751,4.181574436752167,5.400000095367432,5.050000071525574,4.599999904632568,4.599999904632568,4.300000190734863
2019-05-24,5.0,5.5,4.900000095367432,4.900000095367432,10790,0,0.0,-0.03921564960882995,0.6447368627439916,5.300000071525574,6.283089921620109,4.316910221431039,5.400000095367432,5.050000071525574,4.574999809265137,4.599999904632568,4.199999809265137
2019-05-28,4.800000190734863,5.099999904632568,4.699999809265137,5.0,13190,0,0.0,0.020408143405366452,0.657894745097597,5.335000061988831,6.216770808715708,4.453229315261954,5.099999904632568,5.050000071525574,4.5249998569488525,4.6499998569488525,4.400000095367432
2019-05-29,4.900000095367432,5.0,4.900000095367432,5.0,2480,0,0.0,0.0,0.657894745097597,5.365000057220459,6.152281380817192,4.577718733623725,5.099999904632568,5.150000095367432,4.3749998807907104,4.4999998807907104,4.300000190734863
2019-05-30,4.900000095367432,5.099999904632568,4.699999809265137,4.900000095367432,8810,0,0.0,-0.019999980926513672,0.6447368627439916,5.385000061988831,6.099583534184646,4.670416589793016,5.0,5.150000095367432,4.3749998807907104,4.4999998807907104,4.199999809265137
2019-05-31,4.800000190734863,4.900000095367432,4.599999904632568,4.699999809265137,28400,0,0.0,-0.040816384124437,0.6184210352950484,5.375000047683716,6.1216844335014,4.628315661866031,5.0,5.150000095367432,4.349999904632568,4.4999998807907104,4.300000190734863
2019-06-03,4.599999904632568,4.900000095367432,4.5,4.800000190734863,10720,0,0.0,0.021276677771900232,0.6315789803903861,5.350000047683716,6.137859015790835,4.562141079576597,5.0,5.150000095367432,4.324999928474426,4.4999998807907104,4.300000190734863
2019-06-04,4.800000190734863,4.800000190734863,4.599999904632568,4.699999809265137,4350,0,0.0,-0.02083341197834765,0.6184210352950484,5.3000000476837155,6.119310256615182,4.480689838752249,5.0,5.200000047683716,4.324999928474426,4.4999998807907104,4.300000190734863
2019-06-05,4.699999809265137,5.099999904632568,4.699999809265137,4.699999809265137,19830,0,0.0,0.0,0.6184210352950484,5.24500002861023,6.070395459810287,4.4196045974101725,5.0,5.25,4.324999928474426,4.4999998807907104,4.5
2019-06-06,4.599999904632568,4.800000190734863,4.400000095367432,4.5,12040,0,0.0,-0.0425531526343631,0.5921052705878374,5.1800000190734865,6.025064143586955,4.334935894560018,4.950000047683716,5.3500001430511475,4.25,4.4999998807907104,4.5
2019-06-07,4.5,4.5,4.099999904632568,4.400000095367432,31510,0,0.0,-0.0222222010294596,0.5789473882342319,5.100000023841858,5.921774312158187,4.278225735525528,4.599999904632568,5.200000047683716,4.25,4.4999998807907104,4.400000095367432
2019-06-10,4.300000190734863,4.5,4.300000190734863,4.300000190734863,4330,0,0.0,-0.022727250560256596,0.5657895058806264,5.025000023841858,5.851374627135633,4.198625420548082,4.599999904632568,5.200000047683716,4.399999976158142,4.4999998807907104,4.300000190734863
2019-06-11,4.400000095367432,4.400000095367432,4.199999809265137,4.400000095367432,12520,0,0.0,0.02325579074346007,0.5789473882342319,4.955000019073486,5.742794760103358,4.167205278043614,4.599999904632568,5.200000047683716,4.699999988079071,4.649999976158142,4.400000095367432
2019-06-12,4.300000190734863,4.5,4.300000190734863,4.300000190734863,9820,0,0.0,-0.022727250560256596,0.5657895058806264,4.8850000381469725,5.643505239465229,4.126494836828716,4.599999904632568,5.200000047683716,4.949999988079071,4.899999976158142,4.400000095367432
2019-06-13,4.300000190734863,4.5,4.300000190734863,4.400000095367432,26030,0,0.0,0.02325579074346007,0.5789473882342319,4.835000038146973,5.582766685834181,4.087233390459764,4.599999904632568,5.200000047683716,4.949999988079071,4.899999976158142,4.300000190734863
2019-06-14,4.400000095367432,4.599999904632568,4.400000095367432,4.5,12800,0,0.0,0.022727250560256484,0.5921052705878374,4.790000033378601,5.503521620308793,4.07647844644841,4.599999904632568,5.200000047683716,4.949999988079071,4.899999976158142,4.199999809265137
2019-06-17,4.599999904632568,4.800000190734863,4.400000095367432,4.400000095367432,10880,0,0.0,-0.0222222010294596,0.5789473882342319,4.735000038146973,5.387464519210022,4.082535557083924,4.599999904632568,5.200000047683716,4.974999964237213,4.899999976158142,4.099999904632568
2019-06-18,4.599999904632568,4.699999809265137,4.099999904632568,4.400000095367432,33260,0,0.0,0.0,0.5789473882342319,4.685000038146972,5.275658887153848,4.0943411891400965,4.450000047683716,5.200000047683716,4.999999940395355,4.899999976158142,4.099999904632568
2019-06-19,4.599999904632568,4.599999904632568,4.300000190734863,4.400000095367432,10600,0,0.0,0.0,0.5789473882342319,4.640000033378601,5.169753638618062,4.11024642813914,4.450000047683716,5.200000047683716,5.050000011920929,4.899999976158142,4.300000190734863
2019-06-20,4.599999904632568,4.599999904632568,4.199999809265137,4.400000095367432,14180,0,0.0,0.0,0.5789473882342319,4.610000038146973,5.122290804833852,4.0977092714600944,4.450000047683716,4.8999998569488525,5.200000107288361,5.050000071525574,4.300000190734863
2019-06-21,4.400000095367432,4.400000095367432,4.199999809265137,4.300000190734863,12260,0,0.0,-0.022727250560256596,0.5657895058806264,4.570000052452087,5.0462945981055425,4.093705506798632,4.450000047683716,4.8999998569488525,5.225000083446503,5.050000071525574,4.400000095367432
2019-06-24,4.300000190734863,4.400000095367432,4.199999809265137,4.199999809265137,17980,0,0.0,-0.023255901635817477,0.5526315607852887,4.535000038146973,5.012036917210531,4.057963159083415,4.450000047683716,4.799999952316284,5.350000083446503,5.050000071525574,4.300000190734863
2019-06-25,4.199999809265137,4.400000095367432,4.199999809265137,4.199999809265137,11330,0,0.0,0.0,0.5526315607852887,4.49500002861023,4.942287912035914,4.047712145184546,4.450000047683716,4.799999952316284,5.350000083446503,5.050000071525574,4.199999809265137
2019-06-26,4.199999809265137,4.400000095367432,4.199999809265137,4.199999809265137,6300,0,0.0,0.0,0.5526315607852887,4.455000019073486,4.854535480385788,4.055464557761184,4.450000047683716,4.799999952316284,5.350000083446503,5.050000071525574,4.300000190734863
2019-06-27,4.400000095367432,4.400000095367432,4.199999809265137,4.300000190734863,10350,0,0.0,0.023809615716916754,0.5657895058806264,4.425000023841858,4.772574738927838,4.0774253087558785,4.450000047683716,4.799999952316284,5.350000083446503,5.050000071525574,4.099999904632568
2019-06-28,4.199999809265137,4.400000095367432,4.199999809265137,4.199999809265137,8320,0,0.0,-0.023255901635817477,0.5526315607852887,4.400000023841858,4.736490916272986,4.063509131410729,4.3999998569488525,4.799999952316284,5.350000083446503,5.050000071525574,4.099999904632568
2019-07-01,4.300000190734863,4.699999809265137,4.300000190734863,4.300000190734863,23620,0,0.0,0.023809615716916754,0.5657895058806264,4.375000023841858,4.658496580207903,4.091503467475814,4.449999809265137,4.799999952316284,5.225000083446503,5.050000071525574,4.099999904632568
2019-07-02,4.300000190734863,4.5,4.199999809265137,4.199999809265137,7250,0,0.0,-0.023255901635817477,0.5526315607852887,4.350000023841858,4.600357292378629,4.099642755305087,4.449999809265137,4.599999904632568,5.225000083446503,5.050000071525574,4.0
2019-07-03,4.199999809265137,4.400000095367432,4.199999809265137,4.400000095367432,9800,0,0.0,0.04761911790117157,0.5789473882342319,4.335000038146973,4.528665228583163,4.141334847710782,4.449999809265137,4.599999904632568,5.074999988079071,5.050000071525574,4.0
2019-07-05,4.400000095367432,4.400000095367432,4.300000190734863,4.300000190734863,6580,0,0.0,-0.022727250560256596,0.5657895058806264,4.325000047683716,4.503451446895014,4.146548648472417,4.449999809265137,4.599999904632568,5.125,5.050000071525574,4.0
2019-07-08,4.300000190734863,4.300000190734863,4.199999809265137,4.199999809265137,8230,0,0.0,-0.023255901635817477,0.5526315607852887,4.315000033378601,4.497927415468536,4.132072651288666,4.449999809265137,4.599999904632568,5.075000047683716,5.050000071525574,3.900000095367432
2019-07-09,4.199999809265137,4.300000190734863,4.199999809265137,4.300000190734863,24740,0,0.0,0.023809615716916754,0.5657895058806264,4.315000033378601,4.497927415468536,4.132072651288666,4.449999809265137,4.599999904632568,5.075000047683716,5.050000071525574,3.799999952316284
2019-07-10,4.400000095367432,4.400000095367432,4.300000190734863,4.300000190734863,24670,0,0.0,0.0,0.5657895058806264,4.310000038146972,4.488734486906315,4.131265589387629,4.449999809265137,4.599999904632568,5.075000047683716,5.050000071525574,3.799999952316284
2019-07-11,4.199999809265137,4.400000095367432,4.199999809265137,4.300000190734863,10620,0,0.0,0.0,0.5657895058806264,4.310000038146972,4.488734486906315,4.131265589387629,4.449999809265137,4.599999904632568,5.100000023841858,5.050000071525574,3.5999999046325684
2019-07-12,4.400000095367432,4.900000095367432,4.400000095367432,4.5,52450,0,0.0,0.04651158148692014,0.5921052705878375,4.315000033378601,4.5086652312822215,4.12133483547498,4.549999952316284,4.5,5.125,5.050000071525574,3.5
2019-07-15,4.599999904632568,4.800000190734863,4.400000095367432,4.5,22800,0,0.0,0.0,0.5921052705878375,4.315000033378601,4.5086652312822215,4.12133483547498,4.549999952316284,4.5,5.150000095367432,5.050000071525574,3.200000047683716
2019-07-16,4.599999904632568,4.699999809265137,4.400000095367432,4.400000095367432,22680,0,0.0,-0.0222222010294596,0.578947388234232,4.315000033378601,4.5086652312822215,4.12133483547498,4.549999952316284,4.5,4.899999976158142,5.050000071525574,4.199999809265137
2019-07-17,4.5,4.599999904632568,4.300000190734863,4.300000190734863,9380,0,0.0,-0.022727250560256596,0.5657895058806265,4.310000038146972,4.499709776784918,4.120290299509026,4.549999952316284,4.5,4.899999976158142,5.050000071525574,3.700000047683716
2019-07-18,4.300000190734863,4.5,4.300000190734863,4.400000095367432,8080,0,0.0,0.02325579074346007,0.578947388234232,4.310000038146972,4.499709776784918,4.120290299509026,4.549999952316284,4.5,4.899999976158142,5.050000071525574,3.5999999046325684
2019-07-19,4.5,4.599999904632568,4.300000190734863,4.400000095367432,28120,0,0.0,0.0,0.578947388234232,4.310000038146972,4.499709776784918,4.120290299509026,4.549999952316284,4.5,4.899999976158142,5.050000071525574,3.5999999046325684
2019-07-22,4.5,4.5,4.099999904632568,4.300000190734863,48760,0,0.0,-0.022727250560256596,0.5657895058806265,4.310000038146972,4.499709776784918,4.120290299509026,4.5,4.5,4.899999976158142,5.050000071525574,3.400000095367432
2019-07-23,4.300000190734863,4.400000095367432,4.199999809265137,4.199999809265137,4230,0,0.0,-0.023255901635817477,0.5526315607852889,4.310000038146972,4.499709776784918,4.120290299509026,4.5,4.5,4.899999976158142,5.050000071525574,3.5
2019-07-24,4.199999809265137,4.300000190734863,4.099999904632568,4.099999904632568,21620,0,0.0,-0.023809502184254927,0.5394736784316833,4.305000042915344,4.510812468936913,4.099187616893775,4.5,4.5,4.899999976158142,5.050000071525574,3.299999952316284
2019-07-25,4.199999809265137,4.199999809265137,4.099999904632568,4.099999904632568,31710,0,0.0,0.0,0.5394736784316833,4.3000000476837155,4.5202851706213565,4.0797149247460744,4.450000047683716,4.5,4.825000047683716,5.050000071525574,3.5
2019-07-26,4.199999809265137,4.300000190734863,4.099999904632568,4.300000190734863,23040,0,0.0,0.048780558720578515,0.5657895058806265,4.3000000476837155,4.5202851706213565,4.0797149247460744,4.3999998569488525,4.5,4.825000047683716,5.050000071525574,3.400000095367432
2019-07-29,4.199999809265137,4.800000190734863,4.199999809265137,4.300000190734863,54100,0,0.0,0.0,0.5657895058806265,4.305000066757202,4.520412544347339,4.089587589167065,4.450000047683716,4.5,4.674999952316284,5.050000071525574,3.400000095367432
2019-07-30,4.5,4.599999904632568,4.300000190734863,4.400000095367432,20810,0,0.0,0.02325579074346007,0.578947388234232,4.310000061988831,4.529365390995985,4.090634732981676,4.450000047683716,4.5,4.674999952316284,5.050000071525574,3.400000095367432
2019-07-31,4.400000095367432,4.5,4.199999809265137,4.300000190734863,11460,0,0.0,-0.022727250560256596,0.5657895058806265,4.315000081062317,4.528527050356278,4.101473111768357,4.450000047683716,4.5,4.625,5.050000071525574,3.400000095367432
2019-08-01,4.5,4.599999904632568,4.199999809265137,4.199999809265137,7360,0,0.0,-0.023255901635817477,0.5526315607852889,4.305000066757202,4.520412544347339,4.089587589167065,4.450000047683716,4.5,4.625,5.050000071525574,3.299999952316284
2019-08-02,4.300000190734863,4.5,4.300000190734863,4.300000190734863,5310,0,0.0,0.023809615716916754,0.5657895058806265,4.305000066757202,4.520412544347339,4.089587589167065,4.450000047683716,4.5,4.625,5.050000071525574,3.299999952316284
2019-08-05,4.300000190734863,4.300000190734863,4.099999904632568,4.099999904632568,11630,0,0.0,-0.04651169237927755,0.5394736784316834,4.300000071525574,4.529280068796165,4.070720074254982,4.450000047683716,4.5,4.625,5.050000071525574,3.299999952316284
2019-08-06,4.099999904632568,4.300000190734863,4.099999904632568,4.099999904632568,18890,0,0.0,0.0,0.5394736784316834,4.290000057220459,4.5354639639136245,4.044536150527293,4.450000047683716,4.5,4.599999904632568,5.050000071525574,3.299999952316284
2019-08-07,4.300000190734863,4.300000190734863,4.0,4.099999904632568,45310,0,0.0,0.0,0.5394736784316834,4.280000042915344,4.539088795317154,4.020911290513535,4.400000095367432,4.450000047683716,4.6249998807907104,5.050000071525574,3.299999952316284
2019-08-08,4.199999809265137,4.199999809265137,4.0,4.0,14890,0,0.0,-0.02439022120941492,0.5263157960780779,4.265000033378601,4.551335344584903,3.978664722172299,4.400000095367432,4.450000047683716,4.5249998569488525,5.050000071525574,3.299999952316284
2019-08-09,4.199999809265137,4.199999809265137,4.0,4.0,23660,0,0.0,0.0,0.5263157960780779,4.240000033378601,4.527216660468022,3.952783406289181,4.299999952316284,4.450000047683716,4.5249998569488525,5.050000071525574,3.200000047683716
2019-08-12,4.0,4.199999809265137,3.900000095367432,4.0,19400,0,0.0,0.0,0.5263157960780779,4.215000033378601,4.494184800992329,3.935815265764873,4.25,4.400000095367432,4.5249998569488525,5.150000095367432,3.0999999046325684
2019-08-13,4.0,4.099999904632568,3.5999999046325684,3.900000095367432,59470,0,0.0,-0.02499997615814198,0.5131579137244724,4.190000033378601,4.487588792075001,3.8924112746822006,4.099999904632568,4.25,4.5249998569488525,5.150000095367432,3.0
2019-08-14,3.900000095367432,4.0,3.5,3.799999952316284,27290,0,0.0,-0.025641061693801426,0.5000000000000008,4.165000021457672,4.503139387062446,3.826860655852898,4.0,4.200000047683716,4.5249998569488525,5.150000095367432,3.299999952316284
2019-08-15,3.799999952316284,3.900000095367432,3.400000095367432,3.799999952316284,71350,0,0.0,0.0,0.5000000000000008,4.135000014305115,4.490625660791451,3.779374367818779,3.8500001430511475,4.150000095367432,4.5249998569488525,5.150000095367432,3.200000047683716
2019-08-16,3.799999952316284,3.900000095367432,3.5,3.5999999046325684,26080,0,0.0,-0.052631592156154094,0.4736842039219237,4.095000004768371,4.499564555306036,3.6904354542307063,3.8500001430511475,4.150000095367432,4.5249998569488525,5.200000047683716,3.0
2019-08-19,3.5,3.5999999046325684,3.200000047683716,3.5,8750,0,0.0,-0.02777775202268362,0.4605263215683182,4.054999995231628,4.524345828098241,3.585654162365015,3.7500001192092896,4.0000001192092896,4.524999976158142,5.200000047683716,3.0999999046325684
2019-08-20,3.5,3.5,3.0999999046325684,3.200000047683716,51250,0,0.0,-0.08571427209036686,0.4210526431366356,4.0050000071525576,4.599752527996769,3.410247486308347,3.6499998569488525,3.950000047683716,4.524999976158142,5.200000047683716,3.0999999046325684
2019-08-21,3.299999952316284,4.199999809265137,3.0999999046325684,4.199999809265137,61430,0,0.0,0.31249992083758227,0.552631560785289,4.010000002384186,4.609577311475837,3.4104226932925346,3.6499998569488525,3.950000047683716,4.524999976158142,5.200000047683716,3.200000047683716
2019-08-22,4.199999809265137,4.199999809265137,3.5,3.700000047683716,31640,0,0.0,-0.11904756768760538,0.4868421176463953,3.990000009536743,4.602917709157342,3.377082309916144,3.6499998569488525,3.950000047683716,4.524999976158142,5.200000047683716,3.0999999046325684
2019-08-23,3.700000047683716,4.0,3.5,3.5999999046325684,11960,0,0.0,-0.02702706534118826,0.4736842039219237,3.9549999952316286,4.573091464764773,3.3369085256984836,3.6499998569488525,3.950000047683716,4.524999976158142,5.200000047683716,3.0999999046325684
2019-08-26,3.700000047683716,3.700000047683716,3.5,3.5999999046325684,27780,0,0.0,0.0,0.4736842039219237,3.9199999809265136,4.535222485880605,3.3047774759724216,3.6499998569488525,3.950000047683716,4.524999976158142,5.200000047683716,3.0
2019-08-27,3.5999999046325684,3.5999999046325684,3.400000095367432,3.400000095367432,32990,0,0.0,-0.05555550404536724,0.4473684392147127,3.8699999809265138,4.4835770254675,3.256422936385528,3.6499998569488525,3.950000047683716,4.5,5.200000047683716,3.0999999046325684
2019-08-28,3.400000095367432,3.5,3.299999952316284,3.5,13710,0,0.0,0.029411735831660568,0.46052632156831813,3.8299999713897703,4.430251243168404,3.229748699611137,3.6499998569488525,3.950000047683716,4.5,5.200000047683716,3.0999999046325684
2019-08-29,3.400000095367432,3.400000095367432,3.299999952316284,3.299999952316284,8480,0,0.0,-0.05714287076677593,0.43421052549024103,3.784999978542328,4.402436801825696,3.1675631552589603,3.6499998569488525,3.950000047683716,4.5,5.200000047683716,3.299999952316284
2019-08-30,3.299999952316284,3.5,3.299999952316284,3.5,10990,0,0.0,0.06060607593140577,0.4605263215683182,3.7449999690055846,4.325995024649047,3.164004913362122,3.6499998569488525,3.950000047683716,4.475000023841858,5.200000047683716,3.5
2019-09-03,3.5,3.5,3.299999952316284,3.400000095367432,8630,0,0.0,-0.028571401323590817,0.44736843921471275,3.709999978542328,4.285487841640087,3.134512115444568,3.6499998569488525,3.950000047683716,4.449999928474426,5.200000047683716,3.5
2019-09-04,3.5,3.5,3.299999952316284,3.400000095367432,22750,0,0.0,0.0,0.44736843921471275,3.674999988079071,4.236168436632637,3.1138315395255054,3.7499998807907104,3.8499999046325684,4.475000023841858,4.8999998569488525,3.5
2019-09-05,3.400000095367432,3.5,3.299999952316284,3.400000095367432,17190,0,0.0,0.0,0.44736843921471275,3.6399999976158144,4.177332758500278,3.102667236731351,3.649999976158142,3.8499999046325684,4.475000023841858,4.8999998569488525,3.400000095367432
2019-09-06,3.400000095367432,3.5,3.400000095367432,3.400000095367432,19410,0,0.0,0.0,0.44736843921471275,3.6100000023841856,4.130124443850951,3.0898755609174207,3.5,3.8499999046325684,4.475000023841858,4.799999952316284,3.400000095367432
2019-09-09,4.0,4.0,3.200000047683716,3.299999952316284,28680,0,0.0,-0.029411805954770442,0.4342105254902411,3.575,4.079235250609324,3.0707647493906762,3.600000023841858,3.799999952316284,4.475000023841858,4.799999952316284,3.400000095367432
2019-09-10,3.299999952316284,3.400000095367432,3.200000047683716,3.299999952316284,19750,0,0.0,0.0,0.4342105254902411,3.5399999976158143,4.017566386448503,3.062433608783125,3.600000023841858,3.700000047683716,4.475000023841858,4.799999952316284,3.5
2019-09-11,3.299999952316284,3.299999952316284,3.200000047683716,3.299999952316284,9630,0,0.0,0.0,0.4342105254902411,3.509999990463257,3.9681185248424518,3.051881456084062,3.600000023841858,3.700000047683716,4.475000023841858,4.799999952316284,3.299999952316284
2019-09-12,3.299999952316284,3.400000095367432,3.299999952316284,3.299999952316284,13090,0,0.0,0.0,0.4342105254902411,3.484999990463257,3.931382843949184,3.03861713697733,3.600000023841858,3.700000047683716,4.475000023841858,4.799999952316284,3.5
2019-09-13,3.400000095367432,3.400000095367432,3.200000047683716,3.299999952316284,28830,0,0.0,0.0,0.4342105254902411,3.459999990463257,3.888471664426228,3.031528316500286,3.600000023841858,3.6499998569488525,4.425000071525574,4.75,3.400000095367432
2019-09-16,3.400000095367432,3.400000095367432,3.200000047683716,3.299999952316284,10130,0,0.0,0.0,0.4342105254902411,3.4449999928474426,3.873825443602947,3.0161745420919384,3.600000023841858,3.6499998569488525,4.425000071525574,4.549999952316284,3.700000047683716
2019-09-17,3.299999952316284,3.299999952316284,3.0,3.200000047683716,32530,0,0.0,-0.030303001841675226,0.42105264313663554,3.4299999952316282,3.871028576257228,2.9889714142060284,3.5,3.5999999046325684,4.375,4.549999952316284,3.5999999046325684
2019-09-18,3.200000047683716,3.200000047683716,3.0,3.0999999046325684,21390,0,0.0,-0.03125004423782163,0.407894729412164,3.424999988079071,3.878572189332753,2.971427786825389,3.5,3.5999999046325684,4.325000047683716,4.5,3.5
2019-09-19,3.0999999046325684,3.200000047683716,3.0,3.0,17780,0,0.0,-0.032258034744817476,0.3947368470585585,3.364999997615814,3.6909610065043625,3.0390389887272655,3.5,3.5999999046325684,4.174999952316284,4.349999904632568,3.5
2019-09-20,3.0,3.299999952316284,3.0,3.299999952316284,42790,0,0.0,0.09999998410542799,0.4342105254902411,3.3449999928474425,3.632743965860114,3.057256019834771,3.200000047683716,3.5999999046325684,4.100000023841858,4.299999952316284,3.5
2019-09-23,3.200000047683716,3.400000095367432,3.200000047683716,3.200000047683716,27630,0,0.0,-0.030303001841675226,0.42105264313663554,3.325,3.593854511607253,3.0561454883927475,3.200000047683716,3.5999999046325684,4.0000001192092896,4.25,3.400000095367432
2019-09-24,3.0999999046325684,3.0999999046325684,3.0,3.0,33390,0,0.0,-0.0625000139698384,0.39473684705855844,3.2950000047683714,3.5683295382220077,3.021670471314735,3.200000047683716,3.5999999046325684,4.0000001192092896,4.25,3.299999952316284
2019-09-25,3.0,3.0999999046325684,3.0,3.0999999046325684,24140,0,0.0,0.03333330154418945,0.407894729412164,3.2799999952316283,3.561528501618143,2.9984714888451136,3.200000047683716,3.5999999046325684,3.8750001192092896,4.050000071525574,3.200000047683716
2019-09-26,3.0999999046325684,3.200000047683716,3.0,3.0999999046325684,9400,0,0.0,0.0,0.407894729412164,3.259999990463257,3.5327741790127694,2.9872258019137443,3.200000047683716,3.5999999046325684,3.799999952316284,4.0,3.200000047683716
2019-09-27,3.0999999046325684,3.200000047683716,3.0999999046325684,3.200000047683716,8810,0,0.0,0.03225811165403902,0.4210526431366356,3.2549999952316284,3.528329542794462,2.9816704476687947,3.200000047683716,3.5999999046325684,3.799999952316284,4.0,3.400000095367432
2019-09-30,3.200000047683716,3.200000047683716,3.0,3.0999999046325684,14180,0,0.0,-0.03125004423782163,0.40789472941216404,3.234999990463257,3.491539868774072,2.9784601121524417,3.200000047683716,3.5,3.799999952316284,4.0,3.5
2019-10-01,3.0999999046325684,3.200000047683716,3.0999999046325684,3.0999999046325684,18250,0,0.0,0.0,0.40789472941216404,3.219999980926514,3.47116356865009,2.968836393202938,3.200000047683716,3.5,3.799999952316284,4.0,3.400000095367432
2019-10-02,3.0,3.200000047683716,2.799999952316284,3.0,13560,0,0.0,-0.032258034744817476,0.39473684705855855,3.199999976158142,3.454363206184748,2.945636746131536,3.100000023841858,3.399999976158142,3.799999952316284,4.0,3.299999952316284
2019-10-03,3.0,3.200000047683716,3.0,3.0999999046325684,6820,0,0.0,0.03333330154418945,0.4078947294121641,3.184999966621399,3.425260466999056,2.9447394662437416,3.100000023841858,3.399999976158142,3.799999952316284,4.0,3.400000095367432
2019-10-04,3.200000047683716,3.200000047683716,3.0,3.0999999046325684,15630,0,0.0,0.0,0.4078947294121641,3.1699999570846558,3.3912008967681095,2.948799017401202,3.0,3.399999976158142,3.799999952316284,4.0,3.299999952316284
2019-10-07,3.0,3.299999952316284,3.0,3.299999952316284,31230,0,0.0,0.06451614639885639,0.4342105254902412,3.1699999570846558,3.39120089676811,2.9487990174012015,3.049999952316284,3.399999976158142,3.799999952316284,4.0,3.299999952316284
2019-10-08,3.299999952316284,3.5999999046325684,3.0999999046325684,3.5,30710,0,0.0,0.06060607593140577,0.46052632156831835,3.1799999594688417,3.439088581629501,2.9209113373081825,3.1999999284744263,3.399999976158142,3.799999952316284,4.0,3.400000095367432
2019-10-09,3.700000047683716,3.700000047683716,3.5,3.5,13020,0,0.0,0.0,0.46052632156831835,3.1899999618530273,3.4807149670883817,2.899284956617673,3.25,3.399999976158142,3.799999952316284,4.0,3.5999999046325684
2019-10-10,3.5,3.700000047683716,3.400000095367432,3.5,12650,0,0.0,0.0,0.46052632156831835,3.1999999642372132,3.517953979976113,2.8820459484983134,3.25,3.399999976158142,3.7999998927116394,4.0,3.900000095367432
2019-10-11,3.5,3.5999999046325684,3.400000095367432,3.400000095367432,3010,0,0.0,-0.028571401323590817,0.44736843921471287,3.2049999713897703,3.5321992323856692,2.8778007103938714,3.25,3.399999976158142,3.7499999403953552,4.0,3.900000095367432
2019-10-14,3.400000095367432,3.400000095367432,3.200000047683716,3.400000095367432,3200,0,0.0,0.0,0.44736843921471287,3.209999978542328,3.5458894940319885,2.8741104630526673,3.25,3.399999976158142,3.674999952316284,4.0,3.900000095367432
2019-10-15,3.299999952316284,3.5,3.299999952316284,3.400000095367432,2650,0,0.0,0.0,0.44736843921471287,3.219999980926514,3.565971392727865,2.8740285691251626,3.350000023841858,3.25,3.699999988079071,4.0,3.799999952316284
2019-10-16,3.400000095367432,3.5,3.400000095367432,3.5,4400,0,0.0,0.029411735831660568,0.4605263215683183,3.2399999856948853,3.6019652133014306,2.87803475808834,3.350000023841858,3.25,3.650000035762787,4.0,3.900000095367432
2019-10-17,3.5,3.5,3.299999952316284,3.299999952316284,4810,0,0.0,-0.05714287076677593,0.4342105254902412,3.2549999833106993,3.6002401064908334,2.909759860130565,3.350000023841858,3.25,3.650000035762787,4.0,3.5999999046325684
2019-10-18,3.299999952316284,3.5,3.299999952316284,3.5,6710,0,0.0,0.06060607593140577,0.46052632156831835,3.2649999856948853,3.626266307408368,2.9037336639814026,3.399999976158142,3.25,3.650000035762787,4.0,3.5999999046325684
2019-10-21,3.400000095367432,3.5,3.299999952316284,3.400000095367432,4860,0,0.0,-0.028571401323590817,0.44736843921471287,3.2749999880790712,3.6396088693645976,2.910391106793545,3.450000047683716,3.25,3.6249999403953552,4.0,3.5
2019-10-22,3.5,3.799999952316284,3.400000095367432,3.700000047683716,21220,0,0.0,0.08823527761809169,0.48684211764639546,3.3099999904632567,3.6962847297921027,2.9237152511344107,3.5,3.299999952316284,3.6249999403953552,4.0,3.5999999046325684
2019-10-23,3.700000047683716,3.700000047683716,3.400000095367432,3.5999999046325684,7090,0,0.0,-0.02702706534118826,0.47368420392192384,3.334999990463257,3.728415919234077,2.941584061692437,3.5,3.299999952316284,3.549999952316284,3.950000047683716,3.700000047683716
2019-10-24,3.5,3.5999999046325684,3.299999952316284,3.5,3680,0,0.0,-0.02777775202268362,0.46052632156831835,3.3549999952316285,3.739053720205866,2.970946270257391,3.5,3.299999952316284,3.549999952316284,3.950000047683716,3.5999999046325684
2019-10-25,3.5999999046325684,3.5999999046325684,3.400000095367432,3.5,6310,0,0.0,0.0,0.46052632156831835,3.3699999928474424,3.7520743919772612,2.9879255937176237,3.549999952316284,3.299999952316284,3.549999952316284,3.950000047683716,3.700000047683716
2019-10-28,3.5,3.700000047683716,3.400000095367432,3.5,10510,0,0.0,0.0,0.46052632156831835,3.3899999976158144,3.7547474583716482,3.0252525368599805,3.549999952316284,3.299999952316284,3.399999976158142,3.950000047683716,3.700000047683716
2019-10-29,3.400000095367432,3.5,3.299999952316284,3.400000095367432,6730,0,0.0,-0.028571401323590817,0.44736843921471287,3.4050000071525575,3.7443330736830513,3.0656669406220636,3.549999952316284,3.299999952316284,3.399999976158142,3.950000047683716,3.700000047683716
2019-10-30,3.400000095367432,3.5,3.299999952316284,3.299999952316284,8370,0,0.0,-0.029411805954770442,0.4342105254902412,3.4200000047683714,3.7086210181785124,3.1313789913582304,3.549999952316284,3.299999952316284,3.399999976158142,3.950000047683716,3.799999952316284
2019-10-31,3.299999952316284,3.299999952316284,3.200000047683716,3.200000047683716,6490,0,0.0,-0.030303001841675226,0.42105264313663565,3.425000011920929,3.6938545190456518,3.156145504796206,3.5,3.299999952316284,3.399999976158142,3.9000000953674316,4.199999809265137
2019-11-01,3.299999952316284,3.299999952316284,3.200000047683716,3.200000047683716,1340,0,0.0,0.0,0.42105264313663565,3.4300000190734865,3.6771056899280934,3.1828943482188796,3.5,3.299999952316284,3.399999976158142,3.9000000953674316,4.0
2019-11-04,3.200000047683716,3.5,3.200000047683716,3.400000095367432,14770,0,0.0,0.06250001396983862,0.44736843921471287,3.4350000262260436,3.6752604714278165,3.1947395810242707,3.450000047683716,3.299999952316284,3.399999976158142,3.9000000953674316,4.0
2019-11-05,3.400000095367432,3.5,3.400000095367432,3.5,5990,0,0.0,0.029411735831660568,0.4605263215683183,3.4350000262260436,3.6752604714278165,3.1947395810242707,3.450000047683716,3.299999952316284,3.350000023841858,3.9000000953674316,4.0
2019-11-06,3.5,3.5,3.299999952316284,3.400000095367432,6530,0,0.0,-0.028571401323590817,0.44736843921471287,3.430000030994415,3.668783234495518,3.1912168274933124,3.450000047683716,3.299999952316284,3.350000023841858,3.9000000953674316,4.099999904632568
2019-11-07,3.400000095367432,3.400000095367432,3.299999952316284,3.299999952316284,8970,0,0.0,-0.029411805954770442,0.4342105254902412,3.4200000286102297,3.662980105636445,3.1770199515840143,3.450000047683716,3.399999976158142,3.25,3.8000000715255737,4.099999904632568
2019-11-08,3.400000095367432,3.400000095367432,3.299999952316284,3.400000095367432,1740,0,0.0,0.03030307408973054,0.4473684392147128,3.4200000286102297,3.662980105636445,3.1770199515840143,3.350000023841858,3.399999976158142,3.25,3.8000000715255737,4.0
2019-11-11,3.400000095367432,3.5,3.200000047683716,3.299999952316284,7840,0,0.0,-0.029411805954770442,0.43421052549024114,3.415000021457672,3.6635334793245606,3.1664665635907836,3.350000023841858,3.399999976158142,3.199999988079071,3.8000000715255737,4.0
2019-11-12,3.299999952316284,3.5,3.299999952316284,3.299999952316284,18720,0,0.0,0.0,0.43421052549024114,3.4100000143051146,3.663567069489194,3.156432959121035,3.350000023841858,3.4499999284744263,3.224999964237213,3.8000000715255737,4.0
2019-11-13,3.299999952316284,3.5,3.299999952316284,3.400000095367432,11960,0,0.0,0.03030307408973054,0.44736843921471275,3.405000019073486,3.6551552535461185,3.154844784600854,3.350000023841858,3.5,3.299999952316284,3.8000000715255737,4.0
2019-11-14,3.5,3.700000047683716,3.400000095367432,3.5999999046325684,37150,0,0.0,0.05882347166332136,0.47368420392192373,3.4200000166893005,3.679088597916993,3.160911435461608,3.450000047683716,3.5,3.324999988079071,3.8000000715255737,4.0
2019-11-15,4.099999904632568,4.199999809265137,3.700000047683716,3.900000095367432,75680,0,0.0,0.0833333885228209,0.5131579137244725,3.440000021457672,3.772866112068528,3.107133930846816,3.6999999284744263,3.6999999284744263,3.324999988079071,3.6999999284744263,3.900000095367432
2019-11-18,4.0,4.099999904632568,3.900000095367432,3.900000095367432,33330,0,0.0,0.0,0.5131579137244725,3.465000021457672,3.8532425619848016,3.0767574809305422,3.6999999284744263,3.6999999284744263,3.324999988079071,3.6999999284744263,3.799999952316284
2019-11-19,3.900000095367432,4.099999904632568,3.900000095367432,3.900000095367432,19820,0,0.0,0.0,0.5131579137244725,3.475000023841859,3.896214091884821,3.0537859557988964,3.6999999284744263,3.6999999284744263,3.324999988079071,3.6999999284744263,4.0
2019-11-20,3.900000095367432,4.099999904632568,3.799999952316284,3.799999952316284,36000,0,0.0,-0.025641061693801426,0.5000000000000009,3.4850000262260443,3.926830266515554,3.0431697859365348,3.6999999284744263,3.6999999284744263,3.300000011920929,3.649999976158142,3.900000095367432
2019-11-21,4.0,4.0,3.799999952316284,3.900000095367432,6430,0,0.0,0.02631582744894323,0.5131579137244725,3.505000030994416,3.982883956136705,3.0271161058521265,3.6999999284744263,3.6999999284744263,3.300000011920929,3.5500000715255737,4.0
2019-11-22,3.900000095367432,4.0,3.400000095367432,3.5999999046325684,25550,0,0.0,-0.0769231239484367,0.47368420392192373,3.5100000262260442,3.9896787225546997,3.030321329897389,3.7499998807907104,3.6999999284744263,3.300000011920929,3.5500000715255737,4.099999904632568
2019-11-25,3.5,3.900000095367432,3.5,3.5999999046325684,22020,0,0.0,0.0,0.47368420392192373,3.5150000214576727,3.9962567808135043,3.033743262101841,3.7499998807907104,3.6999999284744263,3.324999988079071,3.5500000715255737,3.799999952316284
2019-11-26,3.700000047683716,3.799999952316284,3.5,3.5,17590,0,0.0,-0.02777775202268362,0.46052632156831824,3.520000016689301,3.998412510559377,3.041587522819225,3.799999952316284,3.6999999284744263,3.350000023841858,3.4999998807907104,4.0
2019-11-27,3.5,3.900000095367432,3.5,3.5999999046325684,19960,0,0.0,0.028571401323590928,0.47368420392192373,3.5350000143051155,4.003483412839144,3.0665166157710866,3.799999952316284,3.6999999284744263,3.399999976158142,3.4999998807907104,4.099999904632568
2019-11-29,3.5999999046325684,3.799999952316284,3.5999999046325684,3.700000047683716,17100,0,0.0,0.02777781825006853,0.48684211764639534,3.5600000143051154,4.006948812006354,3.113051216603876,3.75,3.6999999284744263,3.399999976158142,3.4999998807907104,4.099999904632568
2019-12-02,3.799999952316284,3.799999952316284,3.5999999046325684,3.5999999046325684,9840,0,0.0,-0.02702706534118826,0.47368420392192373,3.580000007152558,3.995048755599816,3.1649512587053,3.75,3.6999999284744263,3.399999976158142,3.4999998807907104,4.099999904632568
2019-12-03,3.5999999046325684,3.799999952316284,3.5999999046325684,3.700000047683716,12010,0,0.0,0.02777781825006853,0.48684211764639534,3.595000004768372,4.004531699642858,3.1854683098938863,3.75,3.6999999284744263,3.424999952316284,3.4999998807907104,4.0
2019-12-04,3.700000047683716,3.900000095367432,3.5,3.700000047683716,18520,0,0.0,0.0,0.48684211764639534,3.605000007152558,4.014531703792684,3.1954683105124317,3.700000047683716,3.6999999284744263,3.424999952316284,3.4999998807907104,4.099999904632568
2019-12-05,3.5999999046325684,3.799999952316284,3.5999999046325684,3.700000047683716,16570,0,0.0,0.0,0.48684211764639534,3.6200000047683725,4.020167612713929,3.2198323968228157,3.700000047683716,3.6999999284744263,3.424999952316284,3.4999998807907104,4.0
2019-12-06,3.700000047683716,3.900000095367432,3.5999999046325684,3.799999952316284,16400,0,0.0,0.02702700090373522,0.5000000000000009,3.6450000047683724,4.023752525901447,3.266247483635298,3.700000047683716,3.6999999284744263,3.424999952316284,3.4999998807907104,4.199999809265137
2019-12-09,3.900000095367432,4.300000190734863,3.799999952316284,4.199999809265137,54460,0,0.0,0.10526312157057616,0.5526315607852891,3.6849999904632575,4.117581044495049,3.252418936431466,3.9000000953674316,3.7500001192092896,3.399999976158142,3.4999998807907104,4.400000095367432
2019-12-10,4.300000190734863,4.300000190734863,4.0,4.0,21620,0,0.0,-0.04761900436850974,0.526315796078078,3.7199999928474434,4.135048708774167,3.3049512769207197,3.9000000953674316,3.7500001192092896,3.399999976158142,3.4999998807907104,4.300000190734863
2019-12-11,4.300000190734863,4.300000190734863,4.0,4.0,20220,0,0.0,0.0,0.526315796078078,3.7549999952316293,4.139053662467475,3.370946327995783,3.9000000953674316,3.7500001192092896,3.375,3.4999998807907104,4.300000190734863
2019-12-12,4.0,4.199999809265137,4.0,4.0,12310,0,0.0,0.0,0.526315796078078,3.7849999904632576,4.146266262805592,3.4237337181209226,3.9000000953674316,3.7500001192092896,3.375,3.399999976158142,4.300000190734863
2019-12-13,4.0,4.199999809265137,4.0,4.099999904632568,23210,0,0.0,0.02499997615814209,0.5394736784316835,3.8099999904632575,4.185670390610094,3.4343295903164215,3.9000000953674316,3.7500001192092896,3.375,3.399999976158142,4.599999904632568
2019-12-16,4.099999904632568,4.099999904632568,4.0,4.099999904632568,13350,0,0.0,0.0,0.5394736784316835,3.8199999809265144,4.215082576705114,3.424917385147915,3.9000000953674316,3.7500001192092896,3.425000011920929,3.399999976158142,4.699999809265137
2019-12-17,4.0,4.199999809265137,4.0,4.0,14840,0,0.0,-0.02439022120941492,0.526315796078078,3.824999976158142,4.226554563910603,3.4234453884056815,3.950000047683716,3.7500001192092896,3.375,3.399999976158142,4.800000190734863
2019-12-18,4.099999904632568,4.199999809265137,4.0,4.0,17060,0,0.0,0.0,0.526315796078078,3.8299999713897703,4.237675979164207,3.4223239636153338,3.950000047683716,3.8000000715255737,3.375,3.399999976158142,4.699999809265137
2019-12-19,4.0,4.0,4.0,4.0,9330,0,0.0,0.0,0.526315796078078,3.8399999737739563,4.25407322233425,3.425926725213663,4.050000071525574,3.8000000715255737,3.399999976158142,3.399999976158142,4.699999809265137
2019-12-20,4.099999904632568,4.099999904632568,3.900000095367432,4.0,21560,0,0.0,0.0,0.526315796078078,3.8449999690055847,4.264289520266948,3.4257104177442206,4.1000001430511475,3.8500001430511475,3.425000011920929,3.399999976158142,4.599999904632568
2019-12-23,4.099999904632568,4.099999904632568,3.900000095367432,4.0,12380,0,0.0,0.0,0.526315796078078,3.864999973773956,4.273542977322702,3.4564569702252106,4.1000001430511475,3.8500001430511475,3.475000023841858,3.399999976158142,4.5
2019-12-24,4.0,4.0,3.900000095367432,3.900000095367432,6520,0,0.0,-0.02499997615814198,0.5131579137244725,3.8799999833106993,4.269931326738781,3.4900686398826175,4.049999952316284,3.8500001430511475,3.6999999284744263,3.4999998807907104,4.5
2019-12-26,3.799999952316284,4.0,3.799999952316284,3.799999952316284,15710,0,0.0,-0.025641061693801426,0.5000000000000009,3.8949999809265137,4.246047636443661,3.543952325409366,3.9999998807907104,3.8500001430511475,3.6999999284744263,3.4999998807907104,4.5
2019-12-27,3.799999952316284,4.0,3.799999952316284,4.0,15940,0,0.0,0.052631592156154205,0.526315796078078,3.914999985694885,4.2409609213788,3.58903905001097,3.9999998807907104,3.8500001430511475,3.6999999284744263,3.4999998807907104,4.5
2019-12-30,4.0,4.0,3.900000095367432,3.900000095367432,15180,0,0.0,-0.02499997615814198,0.5131579137244725,3.924999988079071,4.235717611310247,3.6142823648478952,3.9999998807907104,3.8500001430511475,3.6999999284744263,3.4999998807907104,4.5
2019-12-31,4.0,4.199999809265137,4.0,4.0,25660,0,0.0,0.025641000560833627,0.5263157960780779,3.9449999928474426,4.218329403727395,3.67167058196749,3.9999998807907104,3.8500001430511475,3.6999999284744263,3.4999998807907104,4.5
2020-01-02,4.300000190734863,4.300000190734863,4.0,4.099999904632568,9930,0,0.0,0.02499997615814209,0.5394736784316834,3.9649999856948854,4.221539711800615,3.7084602595891565,4.050000071525574,3.9000000953674316,3.7249999046325684,3.4999998807907104,4.699999809265137
2020-01-03,4.300000190734863,4.300000190734863,3.799999952316284,3.799999952316284,15630,0,0.0,-0.07317072177911899,0.5000000000000008,3.969999980926514,4.2087831420326,3.731216819820428,4.050000071525574,3.9000000953674316,3.7249999046325684,3.4999998807907104,4.699999809265137
2020-01-06,3.799999952316284,4.300000190734863,3.799999952316284,4.0,17280,0,0.0,0.052631592156154205,0.5263157960780779,3.984999978542328,4.188837931584197,3.781162025500459,4.050000071525574,3.9000000953674316,3.7499999403953552,3.4999998807907104,4.599999904632568
2020-01-07,4.0,4.199999809265137,4.0,4.099999904632568,4070,0,0.0,0.02499997615814209,0.5394736784316834,3.999999976158142,4.1907722865481585,3.809227665768126,4.050000071525574,3.9000000953674316,3.7499999403953552,3.4999998807907104,4.599999904632568
2020-01-08,3.900000095367432,4.199999809265137,3.900000095367432,4.099999904632568,15470,0,0.0,0.0,0.5394736784316834,3.9949999809265138,4.1688600000863385,3.8211399617666886,4.050000071525574,3.9000000953674316,3.724999964237213,3.4999998807907104,4.699999809265137
2020-01-09,4.099999904632568,4.199999809265137,4.099999904632568,4.099999904632568,17550,0,0.0,0.0,0.5394736784316834,3.999999976158142,4.179861847189145,3.820138105127139,4.050000071525574,3.9000000953674316,3.724999964237213,3.4999998807907104,4.699999809265137
2020-01-10,4.199999809265137,4.400000095367432,4.0,4.0,36260,0,0.0,-0.02439022120941492,0.5263157960780779,3.999999976158142,4.179861847189145,3.820138105127139,4.100000023841858,3.950000047683716,3.724999964237213,3.4999998807907104,4.699999809265137
2020-01-13,3.900000095367432,4.300000190734863,3.900000095367432,4.099999904632568,4910,0,0.0,0.02499997615814209,0.5394736784316834,4.00499997138977,4.190124496915842,3.819875445863699,4.100000023841858,4.0,3.699999988079071,3.4999998807907104,5.0
2020-01-14,4.0,4.199999809265137,4.0,4.0,6100,0,0.0,-0.02439022120941492,0.5263157960780779,3.999999976158142,4.179861847189145,3.820138105127139,4.100000023841858,4.0,3.699999988079071,3.4999998807907104,5.099999904632568
2020-01-15,4.400000095367432,4.400000095367432,4.099999904632568,4.199999809265137,26790,0,0.0,0.04999995231628418,0.552631560785289,4.00499997138977,4.200741821059238,3.809258121720302,4.100000023841858,4.100000023841858,3.699999988079071,3.4999998807907104,4.900000095367432
2020-01-16,4.300000190734863,4.400000095367432,4.300000190734863,4.400000095367432,25570,0,0.0,0.04761911790117157,0.5789473882342321,4.024999976158142,4.286225803569517,3.7637741487467675,4.100000023841858,4.100000023841858,3.8250001072883606,3.5500000715255737,4.699999809265137
2020-01-17,4.300000190734863,4.400000095367432,4.199999809265137,4.300000190734863,9440,0,0.0,-0.022727250560256596,0.5657895058806265,4.039999985694886,4.3272164785142015,3.7527834928755697,4.150000095367432,4.100000023841858,3.8250001072883606,3.5500000715255737,4.599999904632568
2020-01-21,4.300000190734863,4.300000190734863,4.199999809265137,4.300000190734863,9430,0,0.0,0.0,0.5657895058806265,4.054999995231628,4.363103852739232,3.746896137724025,4.150000095367432,4.100000023841858,3.8250001072883606,3.5500000715255737,4.300000190734863
2020-01-22,4.300000190734863,4.300000190734863,4.199999809265137,4.300000190734863,13730,0,0.0,0.0,0.5657895058806265,4.070000004768372,4.394873753627324,3.74512625590942,4.150000095367432,4.100000023841858,3.8250001072883606,3.5500000715255737,4.599999904632568
2020-01-23,4.199999809265137,4.699999809265137,4.199999809265137,4.599999904632568,38320,0,0.0,0.06976737223038021,0.6052631529414431,4.1,4.4971244344899555,3.7028755655100434,4.299999952316284,4.2499998807907104,3.8250001072883606,3.5500000715255737,4.800000190734863
2020-01-24,4.800000190734863,4.900000095367432,4.5,4.699999809265137,18380,0,0.0,0.021739110153428554,0.6184210352950485,4.139999985694885,4.604691658692358,3.675308312697412,4.400000095367432,4.350000023841858,3.8250001072883606,3.6500000953674316,4.699999809265137
2020-01-27,4.800000190734863,5.0,4.699999809265137,4.800000190734863,66930,0,0.0,0.021276677771900232,0.6315789803903863,4.189999997615814,4.710124554007181,3.6698754412244474,4.5,4.399999976158142,3.8500000834465027,3.6500000953674316,4.5
2020-01-28,5.0,5.0,4.699999809265137,4.699999809265137,25420,0,0.0,-0.02083341197834765,0.6184210352950487,4.224999988079071,4.782553858301356,3.6674461178567865,4.549999952316284,4.399999976158142,3.8750000596046448,3.6500000953674316,4.5
2020-01-29,4.900000095367432,4.900000095367432,4.599999904632568,4.699999809265137,12670,0,0.0,0.0,0.6184210352950487,4.264999973773956,4.838287838869149,3.691712108678763,4.599999904632568,4.399999976158142,3.9250000715255737,3.700000047683716,4.300000190734863
2020-01-30,4.900000095367432,4.900000095367432,4.599999904632568,4.599999904632568,10040,0,0.0,-0.021276576317181495,0.6052631529414432,4.294999969005585,4.872504530229808,3.7174954077813616,4.599999904632568,4.399999976158142,3.9750001430511475,3.7500001192092896,3.900000095367432
2020-01-31,4.699999809265137,4.699999809265137,4.5,4.5,13400,0,0.0,-0.021739110153428554,0.5921052705878377,4.314999973773956,4.891803889383112,3.7381960581648,4.599999904632568,4.399999976158142,3.9750001430511475,3.7500001192092896,3.900000095367432
2020-02-03,4.5,4.699999809265137,4.5,4.5,12310,0,0.0,0.0,0.5921052705878377,4.349999976158142,4.880135188490014,3.8198647638262706,4.599999904632568,4.399999976158142,3.950000047683716,3.7500001192092896,3.799999952316284
2020-02-04,4.599999904632568,4.699999809265137,4.400000095367432,4.5,7100,0,0.0,0.0,0.5921052705878377,4.374999976158142,4.883229286986685,3.8667706653295983,4.599999904632568,4.399999976158142,3.925000011920929,3.7500001192092896,3.400000095367432
2020-02-05,4.5,4.699999809265137,4.5,4.5,19820,0,0.0,0.0,0.5921052705878377,4.394999980926514,4.889518070236333,3.900481891616695,4.700000047683716,4.399999976158142,3.925000011920929,3.7500001192092896,3.5
2020-02-06,4.400000095367432,4.699999809265137,4.400000095367432,4.5,9350,0,0.0,0.0,0.5921052705878377,4.414999985694886,4.89203689810574,3.937963073284031,4.700000047683716,4.399999976158142,3.925000011920929,3.7500001192092896,3.400000095367432
2020-02-07,4.5,4.599999904632568,4.5,4.5,17450,0,0.0,0.0,0.5921052705878377,4.434999990463257,4.890351786143034,3.979648194783479,4.700000047683716,4.399999976158142,3.925000011920929,3.7500001192092896,3.400000095367432
2020-02-10,4.699999809265137,4.800000190734863,4.5,4.699999809265137,13720,0,0.0,0.0444444020589192,0.6184210352950487,4.469999980926514,4.892292596674092,4.047707365178936,4.650000095367432,4.399999976158142,3.9750000834465027,3.7500001192092896,3.0999999046325684
2020-02-11,4.699999809265137,4.699999809265137,4.599999904632568,4.699999809265137,7120,0,0.0,0.0,0.6184210352950487,4.499999976158142,4.897124264983731,4.102875687332553,4.650000095367432,4.399999976158142,3.9750000834465027,3.7500001192092896,3.299999952316284
2020-02-12,4.800000190734863,4.800000190734863,4.599999904632568,4.599999904632568,10020,0,0.0,-0.021276576317181495,0.6052631529414432,4.5299999713897705,4.854873515480189,4.205126427299352,4.6000001430511475,4.450000047683716,3.9750000834465027,3.7500001192092896,3.400000095367432
2020-02-13,4.699999809265137,4.800000190734863,4.5,4.599999904632568,7940,0,0.0,0.0,0.6052631529414432,4.5499999761581424,4.8379193647056065,4.262080587610678,4.6000001430511475,4.450000047683716,3.9750000834465027,3.7500001192092896,3.299999952316284
2020-02-14,4.599999904632568,4.699999809265137,4.599999904632568,4.699999809265137,9570,0,0.0,0.021739110153428554,0.6184210352950487,4.564999961853028,4.851334941401511,4.278664982304544,4.6000001430511475,4.450000047683716,3.9750000834465027,3.7500001192092896,3.5
2020-02-18,4.699999809265137,4.699999809265137,4.5,4.699999809265137,11250,0,0.0,0.0,0.6184210352950487,4.584999942779541,4.8493035019198985,4.320696383639184,4.6000001430511475,4.450000047683716,3.9750000834465027,3.7500001192092896,3.799999952316284
2020-02-19,4.699999809265137,5.0,4.699999809265137,4.699999809265137,31050,0,0.0,0.0,0.6184210352950487,4.604999923706055,4.83843084887852,4.37156899853359,4.700000047683716,4.450000047683716,4.025000035762787,3.8000000715255737,3.900000095367432
2020-02-20,4.900000095367432,5.0,4.800000190734863,5.0,50260,0,0.0,0.06382983040626322,0.6578947450975974,4.639999914169311,4.88954818481806,4.390451643520563,4.75,4.5,4.050000011920929,3.8000000715255737,3.700000047683716
2020-02-21,5.099999904632568,5.099999904632568,5.0,5.099999904632568,45780,0,0.0,0.019999980926513672,0.6710526274512029,4.664999914169312,4.984697831754307,4.3453019965843165,4.799999952316284,4.599999904632568,4.050000011920929,3.8000000715255737,3.799999952316284
2020-02-24,4.800000190734863,5.0,4.800000190734863,4.900000095367432,20000,0,0.0,-0.03921564960882995,0.6447368627439918,4.674999928474426,5.010738857832714,4.339260999116138,4.799999952316284,4.6499998569488525,4.100000023841858,3.8000000715255737,3.700000047683716
2020-02-25,5.0,5.099999904632568,4.599999904632568,4.699999809265137,35250,0,0.0,-0.040816384124437,0.6184210352950485,4.66999990940094,5.001038693550958,4.338961125250922,4.799999952316284,4.6499998569488525,4.100000023841858,3.8000000715255737,3.5
2020-02-26,4.699999809265137,4.900000095367432,4.400000095367432,4.599999904632568,27250,0,0.0,-0.021276576317181495,0.6052631529414431,4.664999914169312,4.997105832984376,4.332893995354247,4.75,4.6499998569488525,4.125000059604645,3.8000000715255737,3.5
2020-02-27,4.599999904632568,4.599999904632568,4.300000190734863,4.300000190734863,27930,0,0.0,-0.06521733046028577,0.5657895058806265,4.644999933242798,5.012920848383737,4.277079018101859,4.700000047683716,4.6499998569488525,4.125000059604645,3.8000000715255737,3.5
2020-02-28,4.099999904632568,4.699999809265137,4.0,4.599999904632568,39440,0,0.0,0.06976737223038021,0.6052631529414431,4.644999933242798,5.012920848383737,4.277079018101859,4.549999952316284,4.549999952316284,4.125000059604645,3.8000000715255737,3.5
2020-03-02,4.800000190734863,4.900000095367432,4.699999809265137,4.800000190734863,34600,0,0.0,0.04347832396711104,0.6315789803903862,4.659999942779541,5.02750849299882,4.292491392560262,4.549999952316284,4.549999952316284,4.274999916553497,3.9499999284744263,3.700000047683716
2020-03-03,4.900000095367432,5.0,4.699999809265137,4.699999809265137,18100,0,0.0,-0.02083341197834765,0.6184210352950485,4.6699999332427975,5.030285390182658,4.309714476302937,4.549999952316284,4.549999952316284,4.375000059604645,4.050000071525574,3.799999952316284
2020-03-04,4.699999809265137,4.900000095367432,4.5,4.5,22450,0,0.0,-0.0425531526343631,0.5921052705878375,4.6699999332427975,5.030285390182658,4.309714476302937,4.549999952316284,4.549999952316284,4.449999988079071,4.100000023841858,4.0
2020-03-05,4.5,4.599999904632568,4.400000095367432,4.5,10240,0,0.0,0.0,0.5921052705878375,4.6699999332427975,5.030285390182658,4.309714476302937,4.549999952316284,4.549999952316284,4.474999964237213,4.149999976158142,4.0
2020-03-06,4.5,4.599999904632568,4.300000190734863,4.300000190734863,22070,0,0.0,-0.04444440205891931,0.5657895058806264,4.659999942779541,5.048892809167397,4.271107076391685,4.549999952316284,4.549999952316284,4.499999940395355,4.149999976158142,4.0
2020-03-09,4.199999809265137,4.400000095367432,3.799999952316284,3.900000095367432,53590,0,0.0,-0.09302327386619758,0.5131579137244723,4.629999947547913,5.139123506656448,4.1208763884393775,4.399999976158142,4.449999928474426,4.499999940395355,4.200000047683716,3.900000095367432
2020-03-10,3.900000095367432,4.199999809265137,3.799999952316284,3.900000095367432,33340,0,0.0,0.0,0.5131579137244723,4.589999961853027,5.189577098085675,3.99042282562038,4.399999976158142,4.449999928474426,4.499999940395355,4.200000047683716,3.799999952316284
2020-03-11,3.900000095367432,4.0,3.5999999046325684,3.799999952316284,20560,0,0.0,-0.025641061693801426,0.5000000000000007,4.544999969005585,5.234234355075043,3.855765582936127,4.299999952316284,4.349999904632568,4.499999940395355,4.200000047683716,3.700000047683716
2020-03-12,3.5999999046325684,4.0,3.0,3.400000095367432,26100,0,0.0,-0.10526312157057605,0.4473684392147126,4.484999978542328,5.336440038656016,3.6335599184286407,4.0,4.049999952316284,4.499999940395355,4.200000047683716,4.0
2020-03-13,3.400000095367432,3.799999952316284,3.299999952316284,3.5,15930,0,0.0,0.029411735831660568,0.460526321568318,4.429999983310699,5.381952206972969,3.4780477596484296,4.0,4.049999952316284,4.550000011920929,4.200000047683716,3.799999952316284
2020-03-16,3.299999952316284,3.799999952316284,3.200000047683716,3.400000095367432,15200,0,0.0,-0.028571401323590817,0.4473684392147126,4.364999997615814,5.408499497117001,3.321500498114627,3.950000047683716,4.049999952316284,4.550000011920929,4.200000047683716,4.099999904632568
2020-03-17,3.0999999046325684,3.5999999046325684,3.0999999046325684,3.400000095367432,22860,0,0.0,0.0,0.4473684392147126,4.300000011920929,5.4123845536916555,3.1876154701502024,3.799999952316284,4.049999952316284,4.550000011920929,4.200000047683716,4.0
2020-03-18,3.200000047683716,3.299999952316284,3.0,3.0999999046325684,17940,0,0.0,-0.08823534774120156,0.4078947294121638,4.2200000166893,5.432568254101909,3.007431779276691,3.799999952316284,4.049999952316284,4.525000035762787,4.25,4.0
2020-03-19,3.0999999046325684,3.5,3.0999999046325684,3.299999952316284,11190,0,0.0,0.06451614639885639,0.43421052549024086,4.135000014305115,5.355338686045495,2.9146613425647354,3.700000047683716,4.049999952316284,4.525000035762787,4.25,4.099999904632568
2020-03-20,3.200000047683716,3.400000095367432,3.0999999046325684,3.400000095367432,8070,0,0.0,0.03030307408973054,0.4473684392147125,4.050000023841858,5.225140030754644,2.8748600169290723,3.5999999046325684,4.049999952316284,4.525000095367432,4.25,4.099999904632568
2020-03-23,3.0,3.299999952316284,3.0,3.299999952316284,21090,0,0.0,-0.029411805954770442,0.43421052549024086,3.9700000166893004,5.1200971690663675,2.8199028643122332,3.5,4.049999952316284,4.525000095367432,4.25,4.400000095367432
2020-03-24,3.299999952316284,3.5999999046325684,3.299999952316284,3.5,35860,0,0.0,0.06060607593140577,0.460526321568318,3.9100000262260437,5.025832796421334,2.7941672560307538,3.5,4.049999952316284,4.525000095367432,4.25,4.400000095367432
2020-03-25,4.0,4.0,3.700000047683716,3.799999952316284,53970,0,0.0,0.08571427209036697,0.5000000000000007,3.8700000286102294,4.939951817281307,2.8000482399391515,3.5,4.049999952316284,4.525000095367432,4.25,4.400000095367432
2020-03-26,3.700000047683716,4.0,3.5,3.900000095367432,26190,0,0.0,0.02631582744894323,0.5131579137244723,3.850000023841858,4.901654160419526,2.7983458872641895,3.5,4.049999952316284,4.575000047683716,4.25,4.699999809265137
2020-03-27,3.700000047683716,3.799999952316284,3.5999999046325684,3.700000047683716,23570,0,0.0,-0.051282062254635274,0.4868421176463951,3.805000030994415,4.799286443864705,2.810713618124125,3.5,4.049999952316284,4.625,4.299999952316284,5.5
2020-03-30,3.700000047683716,4.0,3.700000047683716,3.799999952316284,16500,0,0.0,0.02702700090373522,0.5000000000000007,3.7550000190734862,4.637229212227226,2.8727708259197473,3.5,4.049999952316284,4.699999928474426,4.349999904632568,5.300000190734863
2020-03-31,3.400000095367432,3.900000095367432,3.299999952316284,3.700000047683716,43320,0,0.0,-0.026315764707210976,0.4868421176463952,3.705000030994415,4.471987859026616,2.9380122029622138,3.5,4.049999952316284,4.724999904632568,4.449999928474426,5.199999809265137
2020-04-01,3.400000095367432,3.700000047683716,3.299999952316284,3.5,17320,0,0.0,-0.05405406624492348,0.4605263215683181,3.6550000309944153,4.332398789278743,2.9776012727100873,3.5,4.0,4.724999904632568,4.449999928474426,5.300000190734863
2020-04-02,3.400000095367432,3.5999999046325684,3.400000095367432,3.5,22930,0,0.0,0.0,0.4605263215683181,3.6050000309944155,4.1611015322802185,3.0488985297086124,3.5,4.0,4.699999928474426,4.449999928474426,5.199999809265137
2020-04-03,3.5999999046325684,3.5999999046325684,3.400000095367432,3.5,19730,0,0.0,0.0,0.4605263215683181,3.565000021457672,4.020351905534518,3.109648137380826,3.649999976158142,4.0,4.674999952316284,4.449999928474426,5.300000190734863
2020-04-06,3.5,3.700000047683716,3.5,3.5,19100,0,0.0,0.0,0.4605263215683181,3.5450000166893005,3.97382556299613,3.116174470382471,3.649999976158142,4.0,4.549999952316284,4.449999928474426,5.199999809265137
2020-04-07,3.5999999046325684,3.900000095367432,3.5,3.700000047683716,25800,0,0.0,0.057142870766776044,0.48684211764639523,3.5350000143051146,3.938563682587404,3.131436346022825,3.649999976158142,4.0,4.549999952316284,4.449999928474426,5.599999904632568
2020-04-08,3.700000047683716,3.900000095367432,3.5999999046325684,3.799999952316284,37050,0,0.0,0.02702700090373522,0.5000000000000008,3.5350000143051146,3.938563682587404,3.131436346022825,3.649999976158142,3.950000047683716,4.549999952316284,4.449999928474426,5.900000095367432
2020-04-09,3.900000095367432,4.099999904632568,3.799999952316284,4.0,30240,0,0.0,0.052631592156154205,0.5263157960780779,3.5650000095367433,4.011382964534979,3.1186170545385075,3.6999999284744263,3.799999952316284,4.549999952316284,4.449999928474426,6.099999904632568
2020-04-13,4.0,4.199999809265137,3.900000095367432,4.0,57620,0,0.0,0.0,0.5263157960780779,3.5900000095367433,4.073875432342297,3.1061245867311893,3.7499998807907104,3.799999952316284,4.549999952316284,4.449999928474426,7.099999904632568
2020-04-14,4.199999809265137,4.199999809265137,3.900000095367432,4.0,23220,0,0.0,0.0,0.5263157960780779,3.6200000047683716,4.127134139850584,3.1128658696861584,3.7499998807907104,3.700000047683716,4.549999952316284,4.449999928474426,6.5
2020-04-15,4.099999904632568,4.199999809265137,3.700000047683716,3.900000095367432,17780,0,0.0,-0.02499997615814198,0.5131579137244724,3.6450000047683715,4.15561078126377,3.1343892282729726,3.799999952316284,3.5999999046325684,4.424999952316284,4.449999928474426,5.900000095367432
2020-04-16,4.099999904632568,4.099999904632568,3.799999952316284,3.799999952316284,17550,0,0.0,-0.025641061693801426,0.5000000000000008,3.6800000071525574,4.127852628693491,3.2321473856116243,3.799999952316284,3.5999999046325684,4.424999952316284,4.449999928474426,6.199999809265137
2020-04-17,4.0,4.0,3.700000047683716,3.700000047683716,21450,0,0.0,-0.026315764707210976,0.4868421176463953,3.700000011920929,4.112115483301502,3.287884540540356,3.8499999046325684,3.5999999046325684,4.324999928474426,4.349999904632568,5.300000190734863
2020-04-20,3.799999952316284,4.0,3.799999952316284,4.0,5830,0,0.0,0.08108106714865881,0.5263157960780779,3.730000007152557,4.137676056312772,3.322323957992342,3.8499999046325684,3.5999999046325684,4.024999976158142,4.049999952316284,5.300000190734863
2020-04-21,4.199999809265137,4.199999809265137,3.700000047683716,3.799999952316284,19300,0,0.0,-0.050000011920928955,0.5000000000000008,3.7550000071525576,4.111760818183358,3.3982391961217577,3.8999998569488525,3.5999999046325684,4.024999976158142,4.049999952316284,5.599999904632568
2020-04-22,3.900000095367432,4.099999904632568,3.900000095367432,4.099999904632568,22670,0,0.0,0.07894735686336518,0.5394736784316835,3.785000002384186,4.151820235545795,3.418179769222576,3.9499999284744263,3.5999999046325684,4.0,4.049999952316284,5.699999809265137
2020-04-23,4.199999809265137,4.199999809265137,4.0,4.0,42470,0,0.0,-0.02439022120941492,0.526315796078078,3.7950000047683714,4.173752457172881,3.416247552363861,3.9499999284744263,3.5999999046325684,3.924999952316284,4.049999952316284,5.900000095367432
2020-04-24,4.099999904632568,4.199999809265137,4.0,4.0,14870,0,0.0,0.0,0.526315796078078,3.8,4.186807697829963,3.4131923021700366,3.9499999284744263,3.5999999046325684,3.924999952316284,4.049999952316284,5.800000190734863
2020-04-27,4.300000190734863,4.400000095367432,4.0,4.099999904632568,22870,0,0.0,0.02499997615814209,0.5394736784316835,3.8199999928474426,4.225188626352347,3.4148113593425378,4.050000071525574,3.700000047683716,3.875,4.049999952316284,5.599999904632568
2020-04-28,4.099999904632568,4.199999809265137,4.0,4.099999904632568,21940,0,0.0,0.0,0.5394736784316835,3.834999990463257,4.258129692812987,3.4118702881135268,4.050000071525574,3.700000047683716,3.8249999284744263,4.049999952316284,5.5
2020-04-29,4.300000190734863,4.5,4.099999904632568,4.400000095367432,35260,0,0.0,0.07317077992999343,0.5789473882342322,3.8699999928474424,4.354710381534331,3.385289604160554,4.100000023841858,3.899999976158142,3.774999976158142,4.049999952316284,5.5
2020-04-30,4.300000190734863,4.5,4.300000190734863,4.400000095367432,25600,0,0.0,0.0,0.5789473882342322,3.9149999976158143,4.420836722986998,3.4091632722446303,4.100000023841858,3.899999976158142,3.774999976158142,4.049999952316284,6.0
2020-05-01,4.400000095367432,4.5,4.300000190734863,4.400000095367432,12260,0,0.0,0.0,0.5789473882342322,3.9600000023841857,4.470313703678063,3.449686301090308,4.100000023841858,3.899999976158142,3.774999976158142,4.049999952316284,6.599999904632568
2020-05-04,4.5,4.699999809265137,4.400000095367432,4.699999809265137,37470,0,0.0,0.06818175168076968,0.6184210352950488,4.019999992847443,4.580176787418698,3.4598231982761876,4.299999952316284,3.9999998807907104,3.774999976158142,4.049999952316284,6.300000190734863
2020-05-05,5.300000190734863,6.0,5.0,5.5,162070,0,0.0,0.17021281344688965,0.7236842196073573,4.1199999928474424,4.93336580335195,3.306634182342935,5.0,4.649999976158142,3.774999976158142,4.049999952316284,5.900000095367432
2020-05-06,5.5,5.5,5.0,5.300000190734863,83380,0,0.0,-0.03636360168457031,0.6973684549001462,4.2,5.138906911348008,3.261093088651992,5.0,4.649999976158142,3.774999976158142,4.049999952316284,6.199999809265137
2020-05-07,5.099999904632568,5.400000095367432,5.0,5.199999809265137,17080,0,0.0,-0.018867995824705996,0.6842105098048086,4.269999992847443,5.285662681370531,3.2543373043243546,5.0,4.649999976158142,3.774999976158142,4.049999952316284,6.5
2020-05-08,5.199999809265137,5.599999904632568,5.099999904632568,5.300000190734863,50720,0,0.0,0.019230843295715117,0.6973684549001462,4.335000002384186,5.436929657362818,3.233070347405554,5.0,4.700000047683716,3.75,4.049999952316284,7.0
2020-05-11,5.300000190734863,5.699999809265137,5.099999904632568,5.199999809265137,42350,0,0.0,-0.018867995824705996,0.6842105098048086,4.394999992847443,5.5475119296330515,3.242488056061834,5.049999952316284,4.700000047683716,3.75,4.049999952316284,8.399999618530273
2020-05-12,5.300000190734863,5.400000095367432,5.199999809265137,5.300000190734863,31280,0,0.0,0.019230843295715117,0.6973684549001462,4.460000002384186,5.662185696654493,3.257814308113879,5.150000095367432,4.75,3.824999988079071,4.049999952316284,7.900000095367432
2020-05-13,5.199999809265137,5.400000095367432,5.0,5.199999809265137,39060,0,0.0,-0.018867995824705996,0.6842105098048086,4.524999988079071,5.7396924350018725,3.3103075411562695,5.150000095367432,4.75,3.824999988079071,4.049999952316284,7.300000190734863
2020-05-14,5.300000190734863,5.599999904632568,5.0,5.599999904632568,161400,0,0.0,0.07692309808448994,0.7368421019609628,4.614999985694885,5.868037243429612,3.361962727960158,5.200000047683716,4.799999952316284,3.824999988079071,4.049999952316284,7.0
2020-05-15,5.900000095367432,6.0,5.199999809265137,5.900000095367432,128880,0,0.0,0.05357146354354225,0.7763158117635115,4.724999988079071,6.02336620222005,3.426633773938093,5.5,4.850000023841858,3.800000011920929,4.049999952316284,6.699999809265137
2020-05-18,6.099999904632568,6.199999809265137,5.900000095367432,6.099999904632568,201470,0,0.0,0.03389827220887209,0.8026315764707225,4.8299999833106995,6.214615684435217,3.4453842821861818,5.599999904632568,4.949999928474426,3.7499999403953552,4.049999952316284,7.0
2020-05-19,6.300000190734863,7.599999904632568,6.099999904632568,7.099999904632568,398810,0,0.0,0.16393442879246,0.9342105254902421,4.994999980926513,6.618092004117293,3.3719079577357336,6.299999952316284,5.649999976158142,3.7749999165534973,4.049999952316284,6.900000095367432
2020-05-20,6.800000190734863,7.099999904632568,6.5,6.5,284560,0,0.0,-0.08450702995658965,0.8552631686268768,5.114999985694885,6.8097573477281985,3.4202426236615713,6.299999952316284,5.649999976158142,3.724999964237213,4.049999952316284,6.599999904632568
2020-05-21,6.400000095367432,6.5,5.199999809265137,5.900000095367432,179320,0,0.0,-0.09230767763577974,0.7763158117635115,5.209999990463257,6.8558841157183075,3.5641158652082066,6.299999952316284,5.649999976158142,3.6999999284744263,4.049999952316284,6.900000095367432
2020-05-22,5.800000190734863,6.599999904632568,5.599999904632568,6.199999809265137,118930,0,0.0,0.05084740831330814,0.8157894588243281,5.3199999809265135,6.9206701332322265,3.7193298286208005,6.299999952316284,5.649999976158142,3.6999999284744263,4.049999952316284,7.0
2020-05-26,6.300000190734863,6.5,5.300000190734863,5.300000190734863,276330,0,0.0,-0.14516123326090025,0.6973684549001462,5.379999995231628,6.878909369162399,3.8810906213008582,6.299999952316284,5.649999976158142,3.7249999046325684,4.049999952316284,6.800000190734863
2020-05-27,5.5,5.699999809265137,5.300000190734863,5.300000190734863,112310,0,0.0,0.0,0.6973684549001462,5.440000009536743,6.819202093329722,4.060797925743764,6.299999952316284,5.649999976158142,3.7249999046325684,4.049999952316284,7.0
2020-05-28,5.300000190734863,5.900000095367432,5.300000190734863,5.599999904632568,98710,0,0.0,0.056603717566302336,0.7368421019609628,5.5,6.793881252495737,4.206118747504263,6.3999998569488525,5.75,3.7499998807907104,4.049999952316284,7.0
2020-05-29,5.599999904632568,6.0,5.5,5.699999809265137,34340,0,0.0,0.017857126131349377,0.7499999843145683,5.564999985694885,6.756839754849447,4.373160216540323,6.3999998569488525,5.799999952316284,3.7749999165534973,4.049999952316284,7.400000095367432
2020-06-01,5.800000190734863,6.300000190734863,5.599999904632568,5.900000095367432,71210,0,0.0,0.03508777066574664,0.7763158117635114,5.639999985694885,6.710518500871519,4.569481470518252,6.3999998569488525,5.799999952316284,3.7749999165534973,4.049999952316284,7.099999904632568
2020-06-02,5.900000095367432,5.900000095367432,5.699999809265137,5.800000190734863,43670,0,0.0,-0.016949136104436047,0.7631579294099059,5.695000004768372,6.6749483694668585,4.715051640069885,6.1499998569488525,5.799999952316284,3.7749999165534973,4.049999952316284,7.0
2020-06-03,5.699999809265137,5.900000095367432,5.599999904632568,5.599999904632568,48580,0,0.0,-0.0344828068146934,0.7368421019609627,5.7,6.676900307946104,4.723099692053896,5.8999998569488525,5.799999952316284,3.8750000596046448,4.049999952316284,6.900000095367432
2020-06-04,5.599999904632568,5.699999809265137,5.400000095367432,5.5,90850,0,0.0,-0.017857126131349377,0.7236842196073572,5.709999990463257,6.674192464764248,4.745807516162266,5.950000047683716,5.849999904632568,3.8750000596046448,4.049999952316284,6.5
2020-06-05,5.400000095367432,5.699999809265137,5.300000190734863,5.5,82030,0,0.0,0.0,0.7236842196073572,5.725,6.665789194886622,4.784210805113378,5.900000095367432,5.950000047683716,4.0,4.049999952316284,6.599999904632568
2020-06-08,5.800000190734863,6.400000095367432,5.800000190734863,6.0,104230,0,0.0,0.09090909090909083,0.7894736941171169,5.759999990463257,6.6867690058347895,4.833230975091724,5.8500001430511475,5.950000047683716,4.0,4.049999952316284,6.5
2020-06-09,6.5,6.699999809265137,6.0,6.599999904632568,81470,0,0.0,0.09999998410542799,0.8684210509804821,5.829999995231629,6.7883028910995336,4.871697099363724,6.0,6.0,4.0,4.049999952316284,6.599999904632568
2020-06-10,6.900000095367432,6.900000095367432,6.199999809265137,6.300000190734863,55140,0,0.0,-0.04545450276251273,0.8289474039196655,5.879999995231628,6.826627523450061,4.9333724670131955,6.1000001430511475,6.299999952316284,4.149999916553497,4.049999952316284,6.599999904632568
2020-06-11,6.0,6.300000190734863,5.699999809265137,5.900000095367432,55160,0,0.0,-0.06349207670750456,0.7763158117635113,5.915000009536743,6.8081620574639405,5.021837961609545,6.1000001430511475,6.299999952316284,4.824999988079071,4.5,6.699999809265137
2020-06-12,6.099999904632568,6.5,5.900000095367432,6.199999809265137,55710,0,0.0,0.05084740831330814,0.8157894588243279,5.945000004768372,6.834077947087428,5.055922062449316,6.1000001430511475,6.299999952316284,4.824999988079071,4.5,6.699999809265137
2020-06-15,6.0,6.5,6.0,6.5,29830,0,0.0,0.048387129026447706,0.8552631686268766,5.975,6.8962438101147505,5.053756189885249,6.1000001430511475,6.299999952316284,4.824999988079071,4.5,6.699999809265137
2020-06-16,6.699999809265137,7.0,6.5,7.0,104390,0,0.0,0.07692307692307687,0.9210526431366363,6.020000004768372,7.044581671761714,4.99541833777503,6.150000095367432,6.299999952316284,4.850000023841858,4.5,6.599999904632568
2020-06-17,7.0,9.600000381469728,6.800000190734863,8.399999618530273,954330,0,0.0,0.19999994550432487,1.105263121570578,6.084999990463257,7.478603418262024,4.69139656266449,7.450000286102296,7.300000190734864,4.875,4.5,6.5
2020-06-18,9.300000190734863,9.899999618530272,7.699999809265137,7.900000095367432,565700,0,0.0,-0.05952375546063715,1.0394737098025504,6.154999995231629,7.752983585600367,4.557016404862891,7.799999713897704,7.449999809265136,4.950000047683716,4.5,6.599999904632568
2020-06-19,7.900000095367432,8.100000381469727,7.0,7.300000190734863,186770,0,0.0,-0.07594935409993331,0.9605263529391852,6.225,7.894031206725656,4.555968793274343,7.799999713897704,7.449999809265136,4.950000047683716,4.5,6.699999809265137
2020-06-22,7.099999904632568,7.199999809265137,6.400000095367432,7.0,132540,0,0.0,-0.0410959154652657,0.9210526431366365,6.2650000095367435,7.968088024016128,4.5619119950573594,7.799999713897704,7.549999713897704,5.0,4.5,7.199999809265137
2020-06-23,7.300000190734863,7.300000190734863,6.599999904632568,6.699999809265137,82060,0,0.0,-0.04285717010498047,0.8815789333340878,6.334999990463257,7.987473794626606,4.682526186299908,7.799999713897704,7.549999713897704,5.175000011920929,4.5,7.099999904632568
2020-06-24,7.0,8.600000381469727,6.699999809265137,7.0,180140,0,0.0,0.04477614914555761,0.9210526431366365,6.419999980926514,8.024455093571298,4.81554486828173,7.899999856948852,7.549999713897704,5.274999916553497,4.599999904632568,7.099999904632568
2020-06-25,6.900000095367432,7.099999904632568,6.900000095367432,6.900000095367432,73530,0,0.0,-0.014285700661795464,0.907894760783031,6.4849999904632565,8.055930747211843,4.914069233714669,7.949999809265136,7.549999713897704,5.974999964237213,5.299999952316284,7.300000190734863
2020-06-26,6.900000095367432,6.900000095367432,6.5,6.599999904632568,66420,0,0.0,-0.04347828791136965,0.8684210509804823,6.529999995231629,8.058958612375003,5.001041378088255,8.149999856948853,7.549999713897704,5.974999964237213,5.299999952316284,7.400000095367432
2020-06-29,6.5,7.199999809265137,6.400000095367432,6.900000095367432,86650,0,0.0,0.045454575010568155,0.907894760783031,6.579999995231629,8.088322161278287,5.07167782918497,8.149999856948853,7.5999999046325675,5.974999964237213,5.299999952316284,7.800000190734863
2020-06-30,7.0,7.199999809265137,6.900000095367432,7.0,47590,0,0.0,0.014492739601511984,0.9210526431366365,6.639999985694885,8.114154770292895,5.165845201096875,8.149999856948853,7.5999999046325675,5.974999964237213,5.299999952316284,8.300000190734863
2020-07-01,7.0,7.300000190734863,6.800000190734863,6.800000190734863,55650,0,0.0,-0.028571401323590928,0.8947368784294255,6.7,8.09465500209583,5.305344997904169,7.500000238418579,7.5999999046325675,5.974999964237213,5.299999952316284,8.100000381469727
2020-07-02,7.0,7.099999904632568,6.800000190734863,7.0,41710,0,0.0,0.02941173583166079,0.9210526431366366,6.775,8.05927429687266,5.490725703127341,7.500000238418579,7.5999999046325675,5.974999964237213,5.299999952316284,8.699999809265137
2020-07-06,7.0,7.199999809265137,6.900000095367432,7.0,60560,0,0.0,0.0,0.9210526431366366,6.85,7.993750730170547,5.706249269829453,7.500000238418579,7.5999999046325675,6.074999928474426,5.299999952316284,8.899999618530273
2020-07-07,7.0,8.100000381469727,6.900000095367432,7.400000095367432,599570,0,0.0,0.057142870766776044,0.9736842352927909,6.920000004768371,8.017010307321742,5.822989702215001,7.500000238418579,7.5999999046325675,6.099999904632568,5.299999952316284,8.800000190734863
2020-07-08,7.699999809265137,8.100000381469727,7.0,7.099999904632568,243260,0,0.0,-0.04054056579305587,0.9342105254902422,6.945000004768372,8.03438099968378,5.855619009852964,7.250000238418579,7.5999999046325675,6.099999904632568,5.299999952316284,9.300000190734863
2020-07-09,7.0,7.300000190734863,6.900000095367432,7.0,94830,0,0.0,-0.01408449379940424,0.9210526431366367,6.979999995231628,8.027994798865741,5.932005191597514,7.250000238418579,7.5999999046325675,5.974999904632568,5.299999952316284,7.5
2020-07-10,7.099999904632568,7.099999904632568,6.900000095367432,6.900000095367432,65640,0,0.0,-0.014285700661795464,0.9078947607830312,7.029999995231629,7.953928502086472,6.106071488376785,7.250000238418579,7.5999999046325675,5.849999904632568,5.299999952316284,6.900000095367432
2020-07-13,7.0,7.0,6.5,6.5,135740,0,0.0,-0.057971027512881634,0.855263168626877,7.045000004768371,7.922633563429731,6.167366446107012,7.300000190734863,7.5999999046325675,5.899999976158142,5.299999952316284,6.699999809265137
2020-07-14,7.0,7.199999809265137,6.400000095367432,6.599999904632568,231050,0,0.0,0.015384600712702756,0.8684210509804825,7.05,7.9160963155551824,6.183903684444817,7.250000238418579,7.799999713897704,5.925000071525574,5.449999928474426,6.0
2020-07-15,6.699999809265137,6.699999809265137,6.400000095367432,6.5,93200,0,0.0,-0.015151500920837613,0.8552631686268769,7.025,7.924028532084758,6.125971467915242,7.250000238418579,7.799999713897704,5.900000095367432,5.449999928474426,5.5
2020-07-16,6.5,6.699999809265137,6.400000095367432,6.599999904632568,88870,0,0.0,0.015384600712702756,0.8684210509804824,6.935000014305115,7.590556148952017,6.279443879658213,7.250000238418579,7.799999713897704,6.0,5.449999928474426,5.5
2020-07-17,6.5,6.599999904632568,6.400000095367432,6.599999904632568,44510,0,0.0,0.0,0.8684210509804824,6.870000004768372,7.367067036878244,6.372932972658499,7.250000238418579,7.799999713897704,6.200000047683716,5.449999928474426,5.400000095367432
2020-07-20,7.0,7.0,6.599999904632568,6.699999809265137,67300,0,0.0,0.015151500920837613,0.881578933334088,6.839999985694885,7.300320137833665,6.379679833556106,7.250000238418579,7.899999856948852,6.200000047683716,5.449999928474426,5.699999809265137
2020-07-21,6.800000190734863,6.900000095367432,6.5,6.699999809265137,39210,0,0.0,0.0,0.881578933334088,6.824999976158142,7.283008339506597,6.366991612809687,6.8500001430511475,7.949999809265136,6.200000047683716,5.449999928474426,5.400000095367432
2020-07-22,6.800000190734863,6.800000190734863,6.5,6.699999809265137,38890,0,0.0,0.0,0.881578933334088,6.824999976158142,7.283008339506597,6.366991612809687,6.799999952316284,8.149999856948853,6.200000047683716,5.449999928474426,5.400000095367432
2020-07-23,6.800000190734863,6.800000190734863,6.599999904632568,6.599999904632568,44450,0,0.0,-0.014925359325276832,0.8684210509804825,6.804999971389771,7.265649446186631,6.34435049659291,6.799999952316284,8.149999856948853,6.225000023841858,5.5,5.400000095367432
2020-07-24,6.599999904632568,6.599999904632568,6.5,6.5,31300,0,0.0,-0.015151500920837613,0.8552631686268769,6.784999966621399,7.26203699827402,6.307962934968778,6.799999952316284,8.149999856948853,7.37500023841858,6.50000023841858,5.199999809265137
2020-07-27,6.599999904632568,6.699999809265137,6.5,6.599999904632568,44730,0,0.0,0.015384600712702756,0.8684210509804824,6.784999966621399,7.26203699827402,6.307962934968778,6.700000047683716,7.500000238418579,7.62499976158142,6.699999809265136,5.0
2020-07-28,6.699999809265137,6.800000190734863,6.5,6.699999809265137,52320,0,0.0,0.015151500920837613,0.881578933334088,6.774999952316284,7.25033858113059,6.299661323501978,6.700000047683716,7.500000238418579,7.62499976158142,6.699999809265136,5.400000095367432
2020-07-29,6.800000190734863,7.900000095367432,6.699999809265137,7.199999809265137,553840,0,0.0,0.07462686779611127,0.9473684078438478,6.784999942779541,7.286823653381683,6.283176232177398,7.150000095367432,7.500000238418579,7.674999713897704,6.74999976158142,5.400000095367432
2020-07-30,7.199999809265137,7.400000095367432,6.800000190734863,7.099999904632568,91830,0,0.0,-0.01388887601134181,0.9342105254902423,6.799999928474426,7.3205130763947235,6.279486780554128,7.200000047683716,7.500000238418579,7.674999713897704,6.799999833106994,5.800000190734863
2020-07-31,7.400000095367432,7.400000095367432,7.0,7.099999904632568,41160,0,0.0,0.0,0.9342105254902423,6.804999923706054,7.335039835053357,6.2749600123587514,7.200000047683716,7.250000238418579,7.724999785423278,6.799999833106994,5.900000095367432
2020-08-03,7.199999809265137,7.300000190734863,7.0,7.300000190734863,59120,0,0.0,0.028169054758972578,0.9605263529391855,6.819999933242798,7.387349668696706,6.252650197788889,7.200000047683716,7.250000238418579,7.74999976158142,6.799999833106994,5.900000095367432
2020-08-04,7.300000190734863,7.5,7.199999809265137,7.400000095367432,53750,0,0.0,0.013698616715036138,0.9736842352927909,6.819999933242798,7.387349668696706,6.252650197788889,7.200000047683716,7.250000238418579,7.849999785423279,6.799999833106994,5.699999809265137
2020-08-05,7.400000095367432,8.100000381469727,7.400000095367432,7.800000190734863,108810,0,0.0,0.05405406624492359,1.0263158274489452,6.854999947547912,7.558749403843168,6.151250491252656,7.300000190734863,7.250000238418579,7.8749998807907104,6.799999833106994,5.5
2020-08-06,8.0,8.300000190734863,7.900000095367432,8.300000190734863,103770,0,0.0,0.0641025625350522,1.092105301958705,6.919999957084656,7.866627688997654,5.973372225171658,7.400000095367432,7.3500001430511475,7.8749998807907104,6.799999833106994,5.300000190734863
2020-08-07,7.900000095367432,8.300000190734863,7.900000095367432,8.100000381469727,77510,0,0.0,-0.024096362008327765,1.065789537251494,6.979999971389771,8.05842213583619,5.901577806943351,7.400000095367432,7.3500001430511475,7.550000071525574,6.799999833106994,5.599999904632568
2020-08-10,8.5,9.300000190734863,8.199999809265137,8.699999809265137,211550,0,0.0,0.07407399994301511,1.1447368313731274,7.089999961853027,8.38059567609623,5.799404247609824,8.0,7.8500001430511475,7.550000071525574,6.799999833106994,5.300000190734863
2020-08-11,9.0,9.100000381469728,8.600000381469727,8.899999618530273,107850,0,0.0,0.02298848432756806,1.1710525960803384,7.204999947547913,8.696980233818048,5.713019661277778,8.050000190734863,7.8500001430511475,7.550000071525574,6.899999856948852,5.300000190734863
2020-08-12,9.100000381469728,9.199999809265137,8.600000381469727,8.800000190734863,108890,0,0.0,-0.011235891245119367,1.157894776468465,7.319999957084656,8.928231306858743,5.711768607310569,8.150000095367432,7.8500001430511475,7.550000071525574,6.949999809265136,5.400000095367432
2020-08-13,8.800000190734863,9.600000381469728,8.800000190734863,9.300000190734863,232350,0,0.0,0.05681818058668098,1.2236842509782249,7.45499997138977,9.24401052387361,5.66598941890593,8.300000190734863,8.000000238418579,7.425000071525574,6.949999809265136,5.099999904632568
2020-08-14,8.300000190734863,8.399999618530273,6.699999809265137,7.5,403300,0,0.0,-0.1935484036363908,0.9868421176463968,7.499999976158142,9.244985343604771,5.755014608711513,8.150000095367432,8.000000238418579,7.425000071525574,6.949999809265136,5.199999809265137
2020-08-17,7.300000190734863,7.5,6.5,6.900000095367432,203170,0,0.0,-0.07999998728434243,0.9078947607830316,7.509999990463257,9.238570618743486,5.781429362183028,8.050000190734863,8.000000238418579,7.425000071525574,6.949999809265136,5.199999809265137
2020-08-18,6.400000095367432,7.0,6.400000095367432,6.699999809265137,128110,0,0.0,-0.028985548309857667,0.8815789333340883,7.509999990463257,9.238570618743486,5.781429362183028,8.000000238418579,8.000000238418579,7.450000047683716,6.99999976158142,4.900000095367432
2020-08-19,6.5,6.599999904632568,6.0,6.0,327200,0,0.0,-0.10447758644666494,0.7894736941171174,7.475,9.294713828500615,5.655286171499383,7.800000190734864,7.800000190734864,7.524999976158142,7.0999999046325675,4.900000095367432
2020-08-20,5.800000190734863,6.099999904632568,5.5,5.5,235210,0,0.0,-0.08333333333333337,0.7236842196073576,7.420000004768371,9.4031767298374,5.436823279699342,7.550000190734864,7.550000190734864,7.524999976158142,7.0999999046325675,5.099999904632568
2020-08-21,5.5,5.699999809265137,5.400000095367432,5.5,132930,0,0.0,0.0,0.7236842196073576,7.370000004768372,9.490636361233737,5.249363648303007,7.50000023841858,7.50000023841858,7.524999976158142,7.149999856948852,5.199999809265137
2020-08-24,5.5,5.599999904632568,5.099999904632568,5.400000095367432,184970,0,0.0,-0.018181800842285156,0.7105263372537521,7.310000014305115,9.578774971193917,5.041225057416312,7.350000143051148,7.350000143051148,7.524999976158142,7.449999809265136,5.0
2020-08-25,5.5,5.800000190734863,5.5,5.699999809265137,75260,0,0.0,0.05555550159250355,0.7499999843145687,7.260000014305115,9.623491297516114,4.896508731094116,7.350000143051148,7.350000143051148,7.575000047683716,7.449999809265136,4.900000095367432
2020-08-26,5.5,5.699999809265137,5.300000190734863,5.400000095367432,74420,0,0.0,-0.052631530515153124,0.7105263372537521,7.17000002861023,9.67042061655082,4.66957944066964,6.749999761581421,7.350000143051148,7.399999976158142,7.449999809265136,4.900000095367432
2020-08-27,5.400000095367432,5.5,5.300000190734863,5.400000095367432,52040,0,0.0,0.0,0.7105263372537521,7.085000038146973,9.703269574806459,4.466730501487485,6.299999952316284,7.350000143051148,7.474999904632568,7.449999809265136,4.900000095367432
2020-08-28,5.400000095367432,5.5,5.300000190734863,5.400000095367432,55620,0,0.0,0.0,0.7105263372537521,7.000000047683716,9.720318939251069,4.279681156116363,6.049999952316284,7.350000143051148,7.474999904632568,7.449999809265136,4.800000190734863
2020-08-31,5.400000095367432,5.400000095367432,5.0,5.199999809265137,107500,0,0.0,-0.037037089364844955,0.6842105098048089,6.895000028610229,9.722092010659198,4.067908046561261,5.799999952316284,7.300000190734864,7.474999904632568,7.449999809265136,4.800000190734863
2020-09-01,5.199999809265137,5.199999809265137,4.900000095367432,5.0,55670,0,0.0,-0.03846150319251662,0.6578947450975978,6.775000023841858,9.70906249666323,3.8409375510204846,5.5,7.25000023841858,7.1000001430511475,7.449999809265136,5.099999904632568
2020-09-02,5.400000095367432,5.599999904632568,5.199999809265137,5.400000095367432,236370,0,0.0,0.08000001907348642,0.7105263372537521,6.655000019073486,9.608020687866656,3.7019793502803164,5.3500001430511475,7.25000023841858,7.1000001430511475,7.449999809265136,5.0
2020-09-03,6.0,6.199999809265137,5.400000095367432,5.400000095367432,311260,0,0.0,0.0,0.7105263372537521,6.510000014305115,9.409419601636031,3.6105804269741997,5.549999952316284,7.25000023841858,7.325000166893005,7.549999713897704,5.099999904632568
2020-09-04,5.900000095367432,6.0,5.300000190734863,5.800000190734863,298170,0,0.0,0.07407409042651403,0.7631579294099063,6.395000004768372,9.213496596441727,3.5765034130950166,5.549999952316284,7.25000023841858,7.3500001430511475,7.549999713897704,5.5
2020-09-08,6.099999904632568,6.099999904632568,5.699999809265137,5.900000095367432,118250,0,0.0,0.017241362300696395,0.7763158117635118,6.255000019073487,8.870333399590766,3.639666638556206,5.549999952316284,7.25000023841858,7.2250001430511475,7.549999713897704,5.5
2020-09-09,6.0,6.0,5.599999904632568,5.900000095367432,64440,0,0.0,0.0,0.7763158117635118,6.105000042915345,8.420154938438433,3.789845147392256,5.549999952316284,7.25000023841858,7.2250001430511475,7.549999713897704,5.300000190734863
2020-09-10,5.699999809265137,5.800000190734863,5.400000095367432,5.699999809265137,66060,0,0.0,-0.03389835302872812,0.7499999843145687,5.9500000238418576,7.9063862146888555,3.9936138329948596,5.549999952316284,7.25000023841858,7.2250001430511475,7.549999713897704,5.599999904632568
2020-09-11,5.5,5.699999809265137,5.400000095367432,5.5,36200,0,0.0,-0.03508768701010212,0.7236842196073576,5.760000014305115,6.965544659407874,4.554455369202357,5.549999952316284,7.25000023841858,7.275000214576721,7.5999999046325675,5.5
2020-09-14,5.5,5.599999904632568,5.300000190734863,5.300000190734863,31950,0,0.0,-0.03636360168457031,0.6973684549001465,5.650000023841858,6.563806604328523,4.736193443355193,5.549999952316284,7.25000023841858,7.3750001192092896,7.5999999046325675,5.599999904632568
2020-09-15,5.300000190734863,5.699999809265137,5.300000190734863,5.599999904632568,29550,0,0.0,0.056603717566302336,0.7368421019609631,5.585000014305114,6.293901868097052,4.876098160513177,5.699999809265137,7.25000023841858,7.3750001192092896,7.5999999046325675,5.699999809265137
2020-09-16,5.599999904632568,5.599999904632568,5.300000190734863,5.300000190734863,66220,0,0.0,-0.05357137839404824,0.6973684549001464,5.515000033378601,6.01277828157893,5.017221785178272,5.75,7.25000023841858,7.925000071525574,7.5999999046325675,5.5
2020-09-17,5.300000190734863,5.400000095367432,5.300000190734863,5.300000190734863,23080,0,0.0,0.0,0.6973684549001464,5.480000042915345,5.932344742580199,5.0276553432504905,5.700000047683716,7.25000023841858,7.950000166893005,7.5999999046325675,5.5
2020-09-18,5.300000190734863,5.699999809265137,5.300000190734863,5.400000095367432,44290,0,0.0,0.018867905855434186,0.710526337253752,5.475000047683716,5.928572278164389,5.021427817203043,5.700000047683716,7.25000023841858,8.00000011920929,7.5999999046325675,5.400000095367432
2020-09-21,5.199999809265137,5.400000095367432,5.099999904632568,5.099999904632568,47690,0,0.0,-0.05555558989567955,0.6710526274512033,5.455000042915344,5.937096299064337,4.972903786766351,5.549999952316284,6.6499998569488525,8.150000214576721,7.5999999046325675,5.5
2020-09-22,5.099999904632568,5.400000095367432,5.099999904632568,5.199999809265137,32320,0,0.0,0.01960782480441492,0.6842105098048088,5.445000028610229,5.9395181705593405,4.950481886661118,5.450000047683716,6.200000047683716,8.075000166893005,7.5999999046325675,5.400000095367432
2020-09-23,5.300000190734863,5.5,5.099999904632568,5.199999809265137,56970,0,0.0,0.0,0.6842105098048088,5.42000002861023,5.910927641682256,4.9290724155382035,5.3999998569488525,5.950000047683716,8.025000214576721,7.5999999046325675,5.599999904632568
2020-09-24,5.199999809265137,5.199999809265137,4.699999809265137,4.900000095367432,78780,0,0.0,-0.05769225478877493,0.6447368627439922,5.395000028610229,5.9363628434143845,4.853637213806074,5.199999809265137,5.6499998569488525,8.000000238418579,7.5999999046325675,5.599999904632568
2020-09-25,5.099999904632568,5.199999809265137,4.800000190734863,4.900000095367432,80090,0,0.0,0.0,0.6447368627439922,5.37000002861023,5.953166159645507,4.786833897574953,5.199999809265137,5.449999809265137,7.800000190734864,7.799999713897704,6.099999904632568
2020-09-28,4.900000095367432,5.199999809265137,4.900000095367432,5.099999904632568,18130,0,0.0,0.04081628681073313,0.6710526274512033,5.355000019073486,5.949752520060001,4.760247518086971,5.199999809265137,5.449999809265137,7.550000190734864,7.699999809265136,6.199999809265137
2020-09-29,5.199999809265137,5.400000095367432,4.900000095367432,5.199999809265137,41130,0,0.0,0.01960782480441492,0.6842105098048088,5.355000019073486,5.949752520060001,4.760247518086971,5.199999809265137,5.449999809265137,7.50000023841858,7.649999856948852,6.400000095367432
2020-09-30,5.199999809265137,5.300000190734863,5.0,5.0,41510,0,0.0,-0.03846150319251662,0.6578947450975977,5.355000019073486,5.949752520060001,4.760247518086971,5.199999809265137,5.449999809265137,7.350000143051148,7.49999976158142,6.5
2020-10-01,5.199999809265137,5.199999809265137,4.900000095367432,4.900000095367432,36070,0,0.0,-0.019999980926513672,0.6447368627439922,5.330000019073486,5.956619517404087,4.703380520742885,5.099999904632568,5.449999809265137,7.350000143051148,7.49999976158142,6.5
2020-10-02,4.900000095367432,4.900000095367432,4.800000190734863,4.900000095367432,27290,0,0.0,0.0,0.6447368627439922,5.3050000190734865,5.958084023704106,4.651916014442867,5.099999904632568,5.449999809265137,7.049999952316284,7.49999976158142,6.78000020980835
2020-10-05,4.900000095367432,5.0,4.599999904632568,4.900000095367432,46220,0,0.0,0.0,0.6447368627439922,5.260000014305115,5.893997370340894,4.6260026582693365,5.049999952316284,5.3999998569488525,6.825000047683716,7.49999976158142,6.579999923706055
2020-10-06,4.800000190734863,5.099999904632568,4.800000190734863,4.800000190734863,20440,0,0.0,-0.020408143405366563,0.6315789803903867,5.205000019073486,5.796343080955889,4.613656957191083,5.0,5.3999998569488525,6.700000047683716,7.49999976158142,6.809999942779541
2020-10-07,4.900000095367432,4.900000095367432,4.800000190734863,4.800000190734863,12490,0,0.0,0.0,0.6315789803903867,5.150000023841858,5.672451614076655,4.6275484336070605,5.0,5.3999998569488525,6.550000071525574,7.449999809265136,7.179999828338623
2020-10-08,4.800000190734863,5.099999904632568,4.800000190734863,5.099999904632568,41510,0,0.0,0.06249993791183073,0.6710526274512033,5.12000002861023,5.576792610421905,4.6632074467985545,5.0,5.3999998569488525,6.3750001192092896,7.25000023841858,7.840000152587891
2020-10-09,4.699999809265137,5.099999904632568,4.699999809265137,5.0,47990,0,0.0,-0.01960782480441492,0.6578947450975978,5.0950000286102295,5.519084299225002,4.6709157579954566,5.0,5.3999998569488525,6.300000190734863,7.25000023841858,8.170000076293945
2020-10-12,5.099999904632568,5.300000190734863,5.0,5.099999904632568,33620,0,0.0,0.019999980926513672,0.6710526274512033,5.085000014305114,5.498462366754999,4.67153766185523,4.950000047683716,5.349999904632568,6.400000095367432,7.25000023841858,7.420000076293945
2020-10-13,5.099999904632568,5.800000190734863,5.099999904632568,5.5,69410,0,0.0,0.07843139271514366,0.7236842196073576,5.080000019073486,5.469931322941189,4.690068715205783,5.200000047683716,5.349999904632568,6.400000095367432,7.25000023841858,7.159999847412109
2020-10-14,5.800000190734863,5.800000190734863,5.300000190734863,5.5,26030,0,0.0,0.0,0.7236842196073576,5.090000009536743,5.511333936108605,4.66866608296488,5.200000047683716,5.299999952316284,6.400000095367432,7.25000023841858,7.039999961853027
2020-10-15,5.699999809265137,5.699999809265137,5.199999809265137,5.300000190734863,15720,0,0.0,-0.03636360168457031,0.6973684549001465,5.090000009536743,5.511333936108605,4.66866608296488,5.200000047683716,5.200000047683716,6.400000095367432,7.25000023841858,6.909999847412109
2020-10-16,5.300000190734863,5.900000095367432,5.300000190734863,5.599999904632568,47430,0,0.0,0.056603717566302336,0.7368421019609631,5.1,5.5585596371186075,4.641440362881392,5.299999952316284,5.25,6.400000095367432,7.25000023841858,6.650000095367432
2020-10-19,5.599999904632568,5.800000190734863,5.400000095367432,5.5,26210,0,0.0,-0.017857126131349377,0.7236842196073576,5.120000004768372,5.610927433237239,4.629072576299504,5.299999952316284,5.25,6.400000095367432,7.25000023841858,8.220000267028809
2020-10-20,5.699999809265137,5.699999809265137,5.5,5.599999904632568,27130,0,0.0,0.018181800842285156,0.7368421019609631,5.1400000095367435,5.673556616145254,4.606443402928233,5.299999952316284,5.25,6.400000095367432,7.25000023841858,10.479999542236328
2020-10-21,5.599999904632568,5.800000190734863,5.5,5.699999809265137,20570,0,0.0,0.017857126131349377,0.7499999843145686,5.165000009536743,5.752225673471682,4.577774345601804,5.299999952316284,5.25,6.475000023841858,7.25000023841858,11.109999656677246
2020-10-22,5.599999904632568,5.699999809265137,5.300000190734863,5.5,26530,0,0.0,-0.03508768701010212,0.7236842196073575,5.195000004768372,5.786342998989936,4.603657010546807,5.450000047683716,5.25,6.5000001192092896,7.25000023841858,10.760000228881836
2020-10-23,5.900000095367432,5.900000095367432,5.5,5.5,29780,0,0.0,0.0,0.7236842196073575,5.225,5.814287938538762,4.635712061461238,5.5,5.25,6.4750001430511475,7.25000023841858,10.3100004196167
2020-10-26,5.5,5.900000095367432,5.300000190734863,5.400000095367432,121120,0,0.0,-0.018181800842285156,0.710526337253752,5.240000009536743,5.831086521607725,4.648913497465761,5.549999952316284,5.25,6.4750001430511475,7.25000023841858,10.18000030517578
2020-10-27,5.5,5.800000190734863,5.300000190734863,5.5,40820,0,0.0,0.018518500530834592,0.7236842196073576,5.255000019073487,5.856513038038802,4.653487000108171,5.549999952316284,5.25,6.099999904632568,7.25000023841858,9.5
2020-10-28,5.5,5.5,5.300000190734863,5.400000095367432,36750,0,0.0,-0.018181800842285156,0.7105263372537521,5.275000023841858,5.8677091102312895,4.682290937452426,5.6000001430511475,5.25,5.825000047683716,7.25000023841858,9.359999656677246
2020-10-29,5.400000095367432,5.599999904632568,5.199999809265137,5.599999904632568,36300,0,0.0,0.037037001061669184,0.7368421019609632,5.310000014305115,5.892472146928927,4.7275278816813024,5.549999952316284,5.25,5.674999952316284,7.25000023841858,9.829999923706056
2020-10-30,5.599999904632568,5.599999904632568,5.199999809265137,5.599999904632568,25020,0,0.0,0.0,0.7368421019609632,5.345000004768371,5.908326047719151,4.781673961817591,5.549999952316284,5.25,5.424999833106995,7.1500000953674325,9.869999885559082
2020-11-02,5.699999809265137,6.099999904632568,5.5,6.099999904632568,96630,0,0.0,0.089285715806241,0.802631576470723,5.404999995231629,6.019811399753942,4.790188590709316,5.6499998569488525,5.349999904632568,5.324999809265137,7.1500000953674325,9.630000114440918
2020-11-03,6.300000190734863,6.300000190734863,5.800000190734863,6.199999809265137,109690,0,0.0,0.01639342724524062,0.8157894588243286,5.474999976158142,6.116841774074657,4.833158178241628,5.75,5.450000047683716,5.324999809265137,7.1500000953674325,9.829999923706056
2020-11-04,6.300000190734863,6.400000095367432,6.099999904632568,6.400000095367432,59870,0,0.0,0.03225811165403902,0.8421052862732719,5.554999971389771,6.238342152613952,4.87165779016559,5.799999952316284,5.5,5.324999809265137,7.1500000953674325,10.270000457763672
2020-11-05,6.5,6.699999809265137,6.300000190734863,6.5,54220,0,0.0,0.015624984866008385,0.8552631686268773,5.624999976158142,6.390404407238373,4.8595955450779105,5.949999809265137,5.6499998569488525,5.324999809265137,7.1500000953674325,10.029999732971191
2020-11-06,6.5,6.5,6.099999904632568,6.5,38450,0,0.0,0.0,0.8552631686268773,5.699999976158142,6.499323874475384,4.9006760778409,5.949999809265137,5.6499998569488525,5.2749998569488525,7.1500000953674325,9.789999961853027
2020-11-09,7.039999961853027,7.380000114440918,6.46999979019165,6.78000020980835,136600,0,0.1,0.043076955355130675,0.892105301958705,5.783999991416931,6.6634494679619864,4.904550514871876,6.289999961853027,5.990000009536743,5.2749998569488525,7.1500000953674325,9.300000190734863
2020-11-10,6.699999809265137,6.75,6.400000095367432,6.579999923706055,60500,0,0.0,-0.02949856635888637,0.8657894745097617,5.837999987602234,6.772581371920941,4.9034186032835265,6.289999961853027,6.039999961853027,5.224999904632568,7.100000143051148,9.4399995803833
2020-11-11,6.420000076293945,6.900000095367432,6.420000076293945,6.809999942779541,79500,0,0.0,0.03495441059882931,0.8960526352939207,5.903499984741211,6.915438682089796,4.891561287392626,6.289999961853027,6.039999961853027,5.199999928474426,7.100000143051148,9.65999984741211
2020-11-12,6.829999923706055,7.179999828338623,6.809999942779541,7.179999828338623,68100,0,0.0,0.05433184855623718,0.9447368313731271,5.997499966621399,7.112895500232407,4.882104433010392,6.440000057220459,6.039999961853027,5.199999928474426,7.100000143051148,9.5
2020-11-13,7.300000190734863,8.0,7.300000190734863,7.840000152587891,235600,0,0.0,0.09192205292879296,1.0315789803903879,6.109499979019165,7.468848685946911,4.7501512720914185,6.900000095367432,6.349999904632568,5.199999928474426,7.100000143051148,9.390000343322754
2020-11-16,8.0,8.390000343322754,8.0,8.170000076293945,194600,0,0.0,0.04209182618410101,1.0750000235281523,6.2429999828338625,7.842711192848318,4.643288772819407,7.245000123977661,6.695000171661377,5.199999928474426,7.100000143051148,9.260000228881836
2020-11-17,8.399999618530273,8.399999618530273,7.119999885559082,7.420000076293945,261000,0,0.0,-0.09179926474862565,0.9763158117635126,6.333999991416931,7.983876731761738,4.6841232510721245,7.249999761581421,6.749999761581421,5.149999976158142,7.100000143051148,10.18000030517578
2020-11-18,7.539999961853027,7.630000114440918,7.110000133514404,7.159999847412109,121000,0,0.0,-0.03504046175316189,0.942105254902406,6.40699999332428,8.067488343648712,4.746511642999847,7.249999761581421,6.799999713897705,5.274999976158142,7.100000143051148,10.029999732971191
2020-11-19,7.110000133514404,7.190000057220459,6.849999904632568,7.039999961853027,81500,0,0.0,-0.01675976091011433,0.9263157960780793,6.4839999914169315,8.111246149512992,4.856753833320872,7.3999998569488525,6.799999713897705,5.25,7.100000143051148,9.399999618530272
2020-11-20,6.880000114440918,7.0,6.710000038146973,6.909999847412109,70100,0,0.0,-0.01846592544678083,0.9092105176475261,6.554499983787537,8.12572649936696,4.983273468208113,7.3999998569488525,6.799999713897705,5.200000047683716,7.100000143051148,9.6899995803833
2020-11-23,6.949999809265137,6.960000038146973,6.539999961853027,6.650000095367432,110000,0,0.0,-0.037626593022581756,0.8750000235281518,6.616999983787537,8.095278865203184,5.138721102371888,7.409999847412109,6.799999713897705,5.274999976158142,7.100000143051148,10.109999656677246
2020-11-24,7.170000076293945,9.0,7.0,8.220000267028809,670200,0,0.0,0.23609024799188827,1.081578996075821,6.752999997138977,8.295009402566524,5.210990591711429,7.769999980926514,7.099999904632568,5.274999976158142,7.100000143051148,9.630000114440918
2020-11-25,8.800000190734863,15.890000343322754,8.289999961853027,10.479999542236328,6695900,0,0.0,0.2749390756436576,1.3789473254925024,7.006999969482422,9.141313017556683,4.872686921408161,11.21500015258789,10.545000076293945,5.274999976158142,7.100000143051148,9.449999809265137
2020-11-27,12.5,12.720000267028809,11.0,11.109999656677246,2287000,0,0.0,0.060114517362515274,1.4618420784328154,7.282499957084656,9.97543210827429,4.58956780589502,11.21500015258789,10.545000076293945,5.274999976158142,7.100000143051148,9.489999771118164
2020-11-30,11.649999618530272,11.649999618530272,10.25,10.760000228881836,772100,0,0.0,-0.031503099784981226,1.415789521566062,7.540499973297119,10.516307834069655,4.5646921125245825,11.21500015258789,10.545000076293945,5.350000023841858,7.100000143051148,9.739999771118164
2020-12-01,10.8100004196167,10.8100004196167,9.649999618530272,10.3100004196167,512000,0,0.0,-0.04182154272239269,1.356579019603971,7.750999999046326,10.88269599643124,4.619304001661412,11.21500015258789,10.545000076293945,5.375,7.100000143051148,9.90999984741211
2020-12-02,10.0600004196167,10.300000190734863,9.75,10.18000030517578,258600,0,0.0,-0.012609127948585708,1.3394737411734177,7.9500000238418576,11.167750921482329,4.732249126201387,11.21500015258789,10.545000076293945,5.399999976158142,7.100000143051148,11.600000381469728
2020-12-03,10.220000267028809,10.279999732971191,9.34000015258789,9.5,450300,0,0.0,-0.06679767041166484,1.250000015685436,8.105000019073486,11.307619077442098,4.902380960704876,11.21500015258789,10.545000076293945,5.399999976158142,6.499999761581421,13.050000190734863
2020-12-04,9.43000030517578,10.279999732971191,9.100000381469728,9.359999656677246,974400,0,0.0,-0.014736878244500429,1.2315789176486562,8.248000001907348,11.405797579726409,5.090202424088288,11.21500015258789,10.545000076293945,5.425000071525574,6.049999952316284,12.510000228881836
2020-12-07,9.510000228881836,9.850000381469728,9.15999984741211,9.829999923706056,315700,0,0.0,0.050213705584222,1.2934210588232007,8.414499998092651,11.536649298853424,5.292350697331878,11.445000171661377,10.545000076293945,5.399999976158142,5.799999952316284,12.34000015258789
2020-12-08,9.899999618530272,10.199999809265137,9.619999885559082,9.869999885559082,283900,0,0.0,0.004069172142775024,1.2986842117646427,8.568999981880188,11.657601132033122,5.480398831727253,12.09000015258789,10.695000171661377,5.399999976158142,5.599999904632568,11.739999771118164
2020-12-09,9.899999618530272,10.09000015258789,9.510000228881836,9.630000114440918,159700,0,0.0,-0.02431608651478412,1.2671052941159895,8.72149999141693,11.700281050472011,5.74271893236185,10.910000324249268,10.845000267028809,5.4999998807907104,5.3999998569488525,12.699999809265137
2020-12-10,9.600000381469728,10.039999961853027,9.510000228881836,9.829999923706056,232300,0,0.0,0.020768411930257802,1.293421058823201,8.872499990463258,11.75184236019995,5.993157620726565,10.375,10.995000123977661,5.600000023841858,5.450000047683716,12.5
2020-12-11,9.979999542236328,10.550000190734863,9.699999809265137,10.270000457763672,583600,0,0.0,0.04476099058724392,1.3513158666625293,9.027000021934509,11.857155585774816,6.196844458094201,9.955000400543213,10.995000123977661,5.649999976158142,5.5,12.989999771118164
2020-12-14,10.960000038146973,10.970000267028809,9.8100004196167,10.029999732971191,350700,0,0.0,-0.023369105559391756,1.3197368235304117,9.136500000953674,11.943601738079733,6.329398263827615,10.035000324249268,10.995000123977661,5.799999833106995,5.6499998569488525,14.489999771118164
2020-12-15,9.989999771118164,10.029999732971191,9.520000457763672,9.789999961853027,239300,0,0.0,-0.023928193171254386,1.2881579058817583,9.217499995231629,12.00151987450226,6.433480115960997,10.035000324249268,11.145000219345093,5.799999833106995,5.6499998569488525,14.329999923706056
2020-12-16,9.729999542236328,9.729999542236328,9.100000381469728,9.300000190734863,276200,0,0.0,-0.050051049338862064,1.223684250978225,9.311500000953675,11.969156209801232,6.653843792106118,10.035000324249268,11.145000219345093,6.139999985694885,5.990000009536743,13.579999923706056
2020-12-17,9.25,9.699999809265137,9.100000381469728,9.4399995803833,319400,0,0.0,0.015053697502921848,1.2421052235315408,9.425499987602233,11.89085928744017,6.960140687764296,10.035000324249268,11.15500020980835,6.164999961853027,5.990000009536743,12.390000343322754
2020-12-18,9.31999969482422,9.850000381469728,9.31999969482422,9.65999984741211,321600,0,0.0,0.02330511406864666,1.2710526274512053,9.556499981880188,11.76311230224482,7.349887661515556,10.035000324249268,11.21500015258789,6.164999961853027,5.990000009536743,13.0600004196167
2020-12-21,9.75,9.8100004196167,9.25,9.5,247000,0,0.0,-0.016563131463710468,1.2500000156854363,9.685999989509583,11.526065319319613,7.8459346596995525,10.035000324249268,11.21500015258789,6.240000009536743,5.990000009536743,12.600000381469728
2020-12-22,9.5,9.649999618530272,9.25,9.390000343322754,228700,0,0.0,-0.011578911229183753,1.2355263764673363,9.82300000190735,11.032965874610534,8.613034129204165,10.035000324249268,11.21500015258789,6.625,6.299999952316284,12.710000038146973
2020-12-23,9.369999885559082,9.579999923706056,9.220000267028809,9.260000228881836,411700,0,0.0,-0.013844527123298866,1.2184210980367831,9.875,10.873810808589061,8.876189191410939,10.035000324249268,11.21500015258789,6.970000147819519,6.495000123977661,13.369999885559082
2020-12-24,9.43000030517578,10.34000015258789,9.260000228881836,10.18000030517578,304800,0,0.0,0.09935205761922927,1.339473741173418,9.860000038146973,10.830317309283206,8.88968276701074,10.035000324249268,11.21500015258789,6.999999761581421,6.499999761581421,13.630000114440918
2020-12-28,10.329999923706056,10.390000343322754,9.609999656677246,10.029999732971191,544600,0,0.0,-0.014734829833779495,1.3197368235304119,9.80600004196167,10.593176205998448,9.018823877924893,9.74500036239624,11.21500015258789,7.024999737739563,6.499999761581421,13.229999542236328
2020-12-29,9.949999809265137,10.0,9.25,9.399999618530272,811900,0,0.0,-0.06281157838618356,1.2368420705900984,9.738000011444091,10.409014199356058,9.066985823532125,9.74500036239624,11.21500015258789,7.099999785423279,6.499999761581421,13.100000381469728
2020-12-30,9.449999809265137,9.829999923706056,9.449999809265137,9.6899995803833,130700,0,0.0,0.03085106102359303,1.2749999607864206,9.706999969482421,10.323997980758557,9.090001958206285,9.74500036239624,11.21500015258789,7.099999785423279,6.499999761581421,14.399999618530272
2020-12-31,9.710000038146973,10.149999618530272,9.460000038146973,10.109999656677246,247800,0,0.0,0.04334366300120429,1.3302631294132958,9.703499937057495,10.31032662967146,9.096673244443531,9.805000305175781,11.445000171661377,7.104999780654907,6.499999761581421,14.119999885559082
2021-01-04,10.0600004196167,10.0600004196167,9.260000228881836,9.630000114440918,310800,0,0.0,-0.04747770114109828,1.2671052941159893,9.709999942779541,10.310655369311938,9.109344516247145,9.805000305175781,12.09000015258789,7.434999942779541,6.799999952316284,12.800000190734863
2021-01-05,9.59000015258789,9.59000015258789,9.369999885559082,9.449999809265137,121000,0,0.0,-0.018691620253031727,1.243421043137767,9.714499950408936,10.305773851276994,9.123226049540877,9.805000305175781,10.910000324249268,10.880000114440918,10.245000123977661,12.960000038146973
2021-01-06,9.40999984741211,9.729999542236328,9.350000381469728,9.489999771118164,159400,0,0.0,0.004232800281520621,1.2486841960792092,9.69749994277954,10.294098073064381,9.1009018124947,9.805000305175781,10.375,10.880000114440918,10.245000123977661,12.75
2021-01-07,9.5,9.899999618530272,9.479999542236328,9.739999771118164,273300,0,0.0,0.02634352012956298,1.281578933334089,9.690999937057494,10.282698579869084,9.099301294245905,9.820000171661377,10.035000324249268,10.880000114440918,10.245000123977661,13.5600004196167
2021-01-08,9.81999969482422,10.25,9.399999618530272,9.90999984741211,384000,0,0.0,0.01745380701117094,1.3039473647060844,9.704999923706055,10.303547801016117,9.106452046395992,9.820000171661377,10.035000324249268,10.880000114440918,10.245000123977661,13.239999771118164
2021-01-11,9.989999771118164,11.729999542236328,9.989999771118164,11.600000381469728,939600,0,0.0,0.1705348698364455,1.5263158588198127,9.793499946594238,10.817949149795101,8.769050743393375,10.489999771118164,10.414999961853027,10.880000114440918,10.245000123977661,13.1899995803833
2021-01-12,11.479999542236328,13.239999771118164,11.479999542236328,13.050000190734863,799500,0,0.0,0.12499997944667474,1.717105309801423,9.932499933242799,11.684537644070463,8.180462222415134,11.25,11.170000076293945,10.880000114440918,10.245000123977661,13.18000030517578
2021-01-13,13.350000381469728,13.529999732971191,12.130000114440918,12.510000228881836,490800,0,0.0,-0.041379306816900496,1.646052682350221,10.05649995803833,12.14187380768885,7.97112610838781,11.394999980926514,11.315000057220459,10.880000114440918,10.245000123977661,12.25
2021-01-14,12.789999961853027,13.039999961853027,12.210000038146973,12.34000015258789,207300,0,0.0,-0.01358913454705346,1.6236842509782257,10.183999967575073,12.491158098235474,7.8768418369146715,11.394999980926514,11.315000057220459,10.995000123977661,10.245000123977661,11.289999961853027
2021-01-15,12.25,12.25,11.5,11.739999771118164,242300,0,0.0,-0.048622396600529805,1.5447368313731282,10.305999946594238,12.671230778969345,7.94076911421913,11.440000057220459,11.315000057220459,11.392500162124634,10.245000123977661,11.720000267028809
2021-01-19,12.010000228881836,12.720000267028809,11.899999618530272,12.699999809265137,215500,0,0.0,0.08177172545681732,1.6710526274512056,10.46899995803833,13.017340506922743,7.920659409153917,11.440000057220459,11.315000057220459,10.877500295639038,10.245000123977661,10.90999984741211
2021-01-20,12.81999969482422,12.899999618530272,12.079999923706056,12.5,241500,0,0.0,-0.015748016714081325,1.6447368627439944,10.610999965667725,13.278244816873391,7.943755114462059,11.464999675750732,11.315000057220459,10.68500006198883,10.245000123977661,10.600000381469728
2021-01-21,12.5,13.15999984741211,12.06999969482422,12.989999771118164,305500,0,0.0,0.039199981689453045,1.7092105176475274,10.785499954223633,13.5936690484844,7.977330859962866,11.464999675750732,11.315000057220459,10.475000262260437,10.245000123977661,11.399999618530272
2021-01-22,13.149999618530272,14.989999771118164,13.029999732971191,14.489999771118164,791900,0,0.0,0.11547344314316965,1.9065789411768068,11.040499925613403,14.20338298998261,7.8776168612441975,12.489999771118164,12.045000076293945,10.515000224113464,10.245000123977661,11.399999618530272
2021-01-25,14.890000343322754,14.890000343322754,14.010000228881836,14.329999923706056,504400,0,0.0,-0.011042087642473497,1.8855263294110383,11.293999910354614,14.654184930397346,7.933814890311883,13.234999656677246,12.045000076293945,10.59000027179718,10.245000123977661,11.68000030517578
2021-01-26,14.359999656677246,14.6899995803833,13.31999969482422,13.579999923706056,305600,0,0.0,-0.05233775324445589,1.7868421176463987,11.463999891281128,14.925164822961115,8.002834959601142,13.244999885559082,12.045000076293945,10.59000027179718,10.245000123977661,10.210000038146973
2021-01-27,13.31999969482422,13.65999984741211,12.109999656677246,12.390000343322754,344600,0,0.0,-0.08762883557208045,1.6302632235258943,11.581999921798706,14.999741294663803,8.16425854893361,13.244999885559082,12.105000019073486,10.595000267028809,10.295000076293945,10.520000457763672
2021-01-28,13.710000038146973,13.890000343322754,12.399999618530272,13.0600004196167,350300,0,0.0,0.05407587229446875,1.7184211294076495,11.764999961853027,15.085325866232894,8.44467405747316,13.244999885559082,12.105000019073486,10.625000238418579,10.295000076293945,10.510000228881836
2021-01-29,12.880000114440918,13.3100004196167,12.100000381469728,12.600000381469728,246000,0,0.0,-0.03522205385660104,1.657894807839332,11.910500001907348,15.105711318051434,8.715288685763262,13.444999694824219,12.105000019073486,10.625000238418579,10.295000076293945,10.579999923706056
2021-02-01,12.859999656677246,13.0,12.0600004196167,12.710000038146973,226600,0,0.0,0.008730131218013026,1.672368447057432,12.040500020980835,15.141276815399532,8.939723226562137,13.525000095367432,12.105000019073486,10.625000238418579,10.295000076293945,10.770000457763672
2021-02-02,12.880000114440918,13.6899995803833,12.81999969482422,13.369999885559082,191200,0,0.0,0.05192760388916029,1.7592105333329604,12.227500009536744,15.169602927445327,9.28539709162816,13.525000095367432,12.119999885559082,10.625000238418579,10.445000171661377,11.630000114440918
2021-02-03,13.359999656677246,14.170000076293944,13.3100004196167,13.630000114440918,155500,0,0.0,0.019446539349836645,1.793421090194067,12.436500024795532,15.141541359106734,9.73145869048433,13.525000095367432,12.119999885559082,10.625000238418579,10.495000123977661,11.399999618530272
2021-02-04,13.510000228881836,13.850000381469728,13.199999809265137,13.229999542236328,113300,0,0.0,-0.029347070348208715,1.7407894352961806,12.62350001335144,14.978869789553666,10.268130237149215,13.475000381469727,12.119999885559082,10.480000257492065,10.545000076293945,11.460000038146973
2021-02-05,13.350000381469728,13.529999732971191,12.890000343322754,13.100000381469728,186100,0,0.0,-0.009826089589162978,1.7236842823490919,12.791500043869018,14.740454431059103,10.842545656678933,13.375,12.125,10.480000257492065,10.545000076293945,11.670000076293944
2021-02-08,13.119999885559082,14.960000038146973,12.989999771118164,14.399999618530272,426700,0,0.0,0.09923658009196878,1.8947368156876954,13.016000032424927,14.577712614858417,11.454287449991437,13.510000228881836,12.125,10.480000257492065,10.545000076293945,11.789999961853027
2021-02-09,14.43000030517578,14.68000030517578,13.960000038146973,14.119999885559082,152000,0,0.0,-0.019444426415878402,1.8578947450976002,13.142000007629395,14.630548863469262,11.653451151789529,13.510000228881836,12.125,10.625000238418579,10.545000076293945,11.25
2021-02-10,14.06999969482422,14.170000076293944,12.510000228881836,12.800000190734863,569400,0,0.0,-0.09348439840812028,1.684210572546543,13.129500007629394,14.625188275117193,11.633811740141596,13.510000228881836,12.170000076293945,10.947500228881836,10.545000076293945,11.56999969482422
2021-02-11,13.1899995803833,13.25,12.699999809265137,12.960000038146973,122500,0,0.0,0.012499987892806708,1.7052631843123118,13.151999998092652,14.622798729231018,11.681201266954286,13.510000228881836,12.170000076293945,10.357500314712524,10.545000076293945,11.9399995803833
2021-02-12,12.920000076293944,13.369999885559082,12.630000114440918,12.75,203000,0,0.0,-0.016203706599448364,1.677631599998874,13.172499990463256,14.60808759421462,11.736912386711893,13.735000133514404,12.194999694824219,10.09000015258789,10.545000076293945,11.449999809265137
2021-02-16,13.56999969482422,14.300000190734863,12.960000038146973,13.5600004196167,422900,0,0.0,0.06352944467581945,1.784210603917409,13.263500022888184,14.54524918077189,11.981750865004479,13.735000133514404,12.194999694824219,9.927500247955322,10.545000076293945,10.40999984741211
2021-02-17,13.699999809265137,13.710000038146973,12.8100004196167,13.239999771118164,227000,0,0.0,-0.023598867153101555,1.742105254902407,13.290500020980835,14.545825841623484,12.035174200338185,13.735000133514404,12.489999771118164,9.927500247955322,10.545000076293945,9.920000076293944
2021-02-18,13.25,13.670000076293944,12.779999732971191,13.1899995803833,256000,0,0.0,-0.003776449516557756,1.7355262823547382,13.325,14.527799129563231,12.122200870436767,13.735000133514404,13.234999656677246,10.452499866485596,10.545000076293945,9.65999984741211
2021-02-19,13.15999984741211,14.0,13.0,13.18000030517578,247800,0,0.0,-0.0007580951876899888,1.7342105882319756,13.33450002670288,14.529456537679973,12.139543515725787,13.735000133514404,13.244999885559082,11.210000038146973,10.545000076293945,9.329999923706056
2021-02-22,13.18000030517578,13.18000030517578,11.829999923706056,12.25,386000,0,0.0,-0.07056147827330239,1.611842125489114,13.222500038146972,14.382258502472656,12.062741573821288,13.255000114440918,13.244999885559082,11.355000019073486,10.545000076293945,9.489999771118164
2021-02-23,11.880000114440918,11.960000038146973,10.5,11.289999961853027,317300,0,0.0,-0.07836735005281414,1.4855263294110366,13.070500040054322,14.396661152737458,11.744338927371185,12.400000095367432,12.744999885559082,11.355000019073486,10.545000076293945,9.199999809265137
2021-02-24,11.510000228881836,12.199999809265137,11.5,11.720000267028809,176800,0,0.0,0.03808682963938703,1.5421053176441386,12.977500057220459,14.40578762653878,11.549212487902137,12.400000095367432,12.744999885559082,11.377500057220459,10.695000171661377,9.729999542236328
2021-02-25,11.729999542236328,12.0,10.760000228881836,10.90999984741211,177000,0,0.0,-0.06911266221515588,1.4355263137256036,12.903500032424926,14.580504843374346,11.226495221475506,12.400000095367432,12.744999885559082,11.377500057220459,10.845000267028809,9.350000381469728
2021-02-26,10.8100004196167,11.279999732971191,10.5,10.600000381469728,119900,0,0.0,-0.02841425025463351,1.3947369098002926,12.780500030517578,14.73474010314646,10.826259957888695,12.400000095367432,12.744999885559082,11.389999866485596,10.995000123977661,9.31999969482422
2021-03-01,10.800000190734863,11.529999732971191,10.800000190734863,11.399999618530272,129800,0,0.0,0.0754716234217363,1.4999999686291365,12.720499992370605,14.765796591537482,10.675203393203729,12.25,12.744999885559082,11.389999866485596,10.995000123977661,9.06999969482422
2021-03-02,11.350000381469728,11.869999885559082,11.3100004196167,11.399999618530272,67600,0,0.0,0.0,1.4999999686291365,12.65499997138977,14.780659654332664,10.529340288446877,12.25,12.730000019073486,12.267499923706055,10.995000123977661,9.130000114440918
2021-03-03,11.329999923706056,11.859999656677246,10.670000076293944,11.68000030517578,215200,0,0.0,0.02456146456271613,1.5368421647026964,12.570499992370605,14.71021898845146,10.43078099628975,12.25,12.730000019073486,12.639999866485596,11.145000219345093,9.020000457763672
2021-03-04,11.640000343322754,11.640000343322754,9.760000228881836,10.210000038146973,257800,0,0.0,-0.12585618395723863,1.343421074508633,12.399499988555908,14.71461957961782,10.084380397493996,11.470000267028809,12.360000133514404,12.644999980926514,11.145000219345093,8.979999542236328
2021-03-05,10.289999961853027,10.859999656677246,8.850000381469727,10.520000457763672,238500,0,0.0,0.030362430799065976,1.3842106039174082,12.264000034332275,14.684808947190213,9.843191121474337,10.525000095367432,11.90500020980835,12.674999952316284,11.15500020980835,8.630000114440918
2021-03-08,10.789999961853027,11.350000381469728,10.300000190734863,10.510000228881836,155100,0,0.0,-0.0009505920576701188,1.3828947843111816,12.13450002670288,14.63914169872665,9.629858354679111,10.525000095367432,11.90500020980835,12.674999952316284,11.21500015258789,9.050000190734863
2021-03-09,10.739999771118164,11.1899995803833,10.390000343322754,10.579999923706056,97700,0,0.0,0.0066602943196765185,1.3921052705878396,11.94350004196167,14.304973782951233,9.582026300972107,10.425000190734863,11.90500020980835,12.774999856948853,11.21500015258789,8.710000038146973
2021-03-10,10.9399995803833,11.100000381469728,10.670000076293944,10.770000457763672,93800,0,0.0,0.017958462705835343,1.4171053411722883,11.7760000705719,13.963175852032455,9.588824289111345,10.360000133514404,11.90500020980835,12.815000057220459,11.21500015258789,8.789999961853027
2021-03-11,11.210000038146973,11.670000076293944,10.899999618530272,11.630000114440918,174700,0,0.0,0.079851403911251,1.5302631921550278,11.717500066757202,13.853430268704832,9.581569864809572,10.360000133514404,11.90500020980835,12.822499990463257,11.21500015258789,8.930000305175781
2021-03-12,11.630000114440918,11.630000114440918,11.020000457763672,11.399999618530272,63000,0,0.0,-0.01977648268679344,1.4999999686291365,11.639500045776368,13.700042707454465,9.57895738409827,10.360000133514404,11.90500020980835,12.822499990463257,11.21500015258789,8.850000381469727
2021-03-15,11.56999969482422,11.710000038146973,11.18000030517578,11.460000038146973,61200,0,0.0,0.005263194879337796,1.5078947607830322,11.575000047683716,13.57154340347211,9.578456691895322,10.355000019073486,11.90500020980835,12.797500133514404,11.21500015258789,8.869999885559082
2021-03-16,11.5,12.050000190734863,11.3100004196167,11.670000076293944,84200,0,0.0,0.018324610597551638,1.5355263450964696,11.480500030517579,13.256795543961141,9.704204517074016,10.450000286102295,11.90500020980835,12.75,11.21500015258789,8.6899995803833
2021-03-17,11.529999732971191,12.149999618530272,11.460000038146973,11.789999961853027,86400,0,0.0,0.010282766475970151,1.5513158039207966,11.408000040054322,12.99777745645399,9.818222623654654,10.5,11.765000343322754,12.817500114440918,11.21500015258789,8.869999885559082
2021-03-18,11.789999961853027,11.880000114440918,11.119999885559082,11.25,57900,0,0.0,-0.0458015236302135,1.4802631764695946,11.311000061035156,12.672005020829534,9.949995101240777,11.224999904632568,11.575000286102295,12.817500114440918,11.445000171661377,9.149999618530272
2021-03-19,11.109999656677246,11.710000038146973,10.970000267028809,11.56999969482422,78100,0,0.0,0.028444417317708526,1.5223684000011326,11.230500030517579,12.295118356072411,10.165881704962747,11.269999980926514,11.575000286102295,12.84000015258789,12.09000015258789,8.800000190734863
2021-03-22,11.81999969482422,12.40999984741211,11.34000015258789,11.9399995803833,155100,0,0.0,0.03197924765068039,1.571052596080339,11.215000009536743,12.226962955247084,10.203037063826402,11.539999961853027,11.575000286102295,12.84000015258789,12.045000076293945,8.970000267028809
2021-03-23,11.6899995803833,11.880000114440918,11.06999969482422,11.449999809265137,249100,0,0.0,-0.04103850823606425,1.5065789411768058,11.223000001907348,12.23977863158411,10.206221372230585,11.654999732971191,11.575000286102295,12.964999914169312,12.045000076293945,8.989999771118164
2021-03-24,11.0,11.0,10.300000190734863,10.40999984741211,330900,0,0.0,-0.09082969250457784,1.369736839215844,11.157499980926513,12.206398572258681,10.108601389594345,11.355000019073486,11.425000190734863,12.964999914169312,12.045000076293945,8.869999885559082
2021-03-25,10.350000381469728,10.359999656677246,9.300000190734863,9.920000076293944,223800,0,0.0,-0.047070103583140566,1.3052631843123106,11.107999992370605,12.285934098325912,9.930065886415298,10.855000019073486,11.425000190734863,13.112499952316284,12.045000076293945,9.06999969482422
2021-03-26,10.010000228881836,10.130000114440918,9.510000228881836,9.65999984741211,98700,0,0.0,-0.02620970029054359,1.2710526274512044,11.060999965667724,12.384007840012949,9.7379920913225,10.855000019073486,11.425000190734863,13.484999895095825,12.045000076293945,8.260000228881836
2021-03-29,9.5,9.93000030517578,9.3100004196167,9.329999923706056,129300,0,0.0,-0.03416148332491531,1.2276315843134402,10.957499980926514,12.470651882942526,9.444348078910501,10.855000019073486,11.015000343322754,13.490000009536743,12.045000076293945,8.569999694824219
2021-03-30,9.18000030517578,9.539999961853027,8.5600004196167,9.489999771118164,172300,0,0.0,0.01714896556489487,1.2486841960792088,10.861999988555908,12.489447359433788,9.234552617678029,10.485000133514404,10.485000133514404,13.25,12.045000076293945,8.1899995803833
2021-03-31,9.520000457763672,9.789999961853027,9.050000190734863,9.199999809265137,104900,0,0.0,-0.03055847933059097,1.2105263058828866,10.737999963760377,12.47282400673609,9.003175920784663,10.485000133514404,10.485000133514404,12.572499990463257,12.045000076293945,7.849999904632568
2021-04-01,9.300000190734863,9.800000190734863,9.210000038146973,9.729999542236328,223600,0,0.0,0.057608667821649195,1.280263113727862,10.713999938964843,12.490613480339658,8.937386397590029,10.485000133514404,10.485000133514404,12.572499990463257,12.045000076293945,7.849999904632568
2021-04-05,9.729999542236328,9.829999923706056,9.350000381469728,9.350000381469728,50800,0,0.0,-0.039054386294376076,1.2302632235258932,10.655499935150146,12.529287467313553,8.78171240298674,10.220000267028809,10.485000133514404,12.572499990463257,12.045000076293945,7.809999942779541
2021-04-06,9.350000381469728,9.68000030517578,9.270000457763672,9.31999969482422,89500,0,0.0,-0.0032086294568463014,1.2263157647072134,10.595999908447265,12.558931524870339,8.633068292024191,9.78000020980835,10.485000133514404,12.572499990463257,12.045000076293945,7.510000228881836
2021-04-07,9.350000381469728,9.5,9.0600004196167,9.06999969482422,80700,0,0.0,-0.026824035213095065,1.1934210274523336,10.520499897003173,12.594344649885016,8.44665514412133,9.460000038146973,10.485000133514404,12.497499942779541,12.045000076293945,7.179999828338623
2021-04-08,9.079999923706056,9.300000190734863,9.050000190734863,9.130000114440918,51900,0,0.0,0.00661526148131375,1.2013158196062288,10.438499879837035,12.595346295126646,8.281653464547425,9.345000267028809,10.485000133514404,12.490000009536743,12.045000076293945,7.039999961853027
2021-04-09,9.09000015258789,9.109999656677246,8.800000190734863,9.020000457763672,107500,0,0.0,-0.012048155016258999,1.1868421803881286,10.307999897003175,12.476619385182964,8.139380408823385,9.24500036239624,10.485000133514404,12.490000009536743,12.045000076293945,6.550000190734863
2021-04-12,8.930000305175781,9.18000030517578,8.760000228881836,8.979999542236328,75300,0,0.0,-0.004434691075089092,1.1815789019632221,10.186999893188476,12.368554413430918,8.005445372946035,9.195000171661377,10.485000133514404,11.915000200271606,12.045000076293945,7.079999923706055
2021-04-13,8.880000114440918,8.970000267028809,8.630000114440918,8.630000114440918,71500,0,0.0,-0.03897543938050674,1.1355263450964688,10.045499897003173,12.245663044415272,7.845336749591075,9.230000019073486,10.485000133514404,11.21500015258789,11.920000076293945,7.28000020980835
2021-04-14,8.829999923706055,9.210000038146973,8.829999923706055,9.050000190734863,45800,0,0.0,0.048667447360880356,1.190789513723344,9.91449990272522,12.021184018882584,7.807815786567856,9.230000019073486,10.485000133514404,11.21500015258789,11.920000076293945,7.139999866485596
2021-04-15,9.149999618530272,9.1899995803833,8.550000190734863,8.710000038146973,86500,0,0.0,-0.037569076842227433,1.146052650979353,9.760499906539916,11.74149824237606,7.779501570703772,9.190000057220459,10.480000019073486,11.165000200271606,11.920000076293945,6.920000076293945
2021-04-16,8.6899995803833,8.90999984741211,8.5,8.789999961853027,95900,0,0.0,0.00918483620616306,1.1565789568622373,9.637499904632568,11.536192203850252,7.738807605414884,9.09000015258789,10.454999923706055,11.132500171661377,11.920000076293945,6.829999923706055
2021-04-19,8.779999732971191,8.989999771118164,8.430000305175781,8.930000305175781,75300,0,0.0,0.015927229116078356,1.1750000548990172,9.505499935150146,11.202760310981262,7.808239559319031,8.96500015258789,10.420000076293945,11.132500171661377,11.920000076293945,7.119999885559082
2021-04-20,8.930000305175781,9.029999732971191,8.600000381469727,8.850000381469727,73600,0,0.0,-0.008958557779632725,1.1644737490161328,9.350999975204468,10.644332500502951,8.057667449905985,8.865000247955322,10.420000076293945,11.132500171661377,11.920000076293945,7.059999942779541
2021-04-21,8.829999923706055,9.100000381469728,8.699999809265137,8.869999885559082,49900,0,0.0,0.0022598308731409666,1.1671052627451217,9.221999979019165,10.094575853142095,8.349424104896235,8.820000171661377,10.420000076293945,11.130000114440918,11.920000076293945,6.78000020980835
2021-04-22,8.9399995803833,9.020000457763672,8.510000228881836,8.6899995803833,44000,0,0.0,-0.0202931575533426,1.1434210117668997,9.135999965667725,9.845469134767438,8.426530796568013,8.820000171661377,10.420000076293945,11.177500247955322,11.920000076293945,6.75
2021-04-23,8.800000190734863,8.989999771118164,8.609999656677246,8.869999885559082,48900,0,0.0,0.020713499869679186,1.1671052627451217,9.083499956130982,9.701747416234758,8.465252496027206,8.820000171661377,10.420000076293945,11.132500171661377,11.920000076293945,7.079999923706055
2021-04-26,8.989999771118164,9.3100004196167,8.859999656677246,9.149999618530272,51800,0,0.0,0.03156705034766083,1.2039473333352169,9.05799994468689,9.617728868024475,8.498271021349304,8.87000036239624,10.420000076293945,11.400000095367432,11.920000076293945,6.880000114440918
2021-04-27,9.109999656677246,9.119999885559082,8.710000038146973,8.800000190734863,54100,0,0.0,-0.038251305178920614,1.1578947764684637,9.03149995803833,9.587338468819206,8.475661447257453,8.87000036239624,10.420000076293945,11.422500133514404,11.920000076293945,6.989999771118164
2021-04-28,8.850000381469727,8.989999771118164,8.800000190734863,8.970000267028809,39300,0,0.0,0.01931819006923785,1.1802632078404591,9.005499982833863,9.519778978731553,8.491220986936172,8.87000036239624,10.15500020980835,11.557500123977661,11.920000076293945,6.809999942779541
2021-04-29,9.050000190734863,9.130000114440918,8.6899995803833,8.989999771118164,95000,0,0.0,0.002229599051726705,1.182894721569448,8.994999980926513,9.501395844192386,8.48860411766064,8.87000036239624,9.71500015258789,11.615000009536743,11.920000076293945,7.119999885559082
2021-04-30,8.819999694824219,9.0,8.760000228881836,8.869999885559082,32000,0,0.0,-0.013348152237400601,1.1671052627451215,8.951999998092651,9.330009716060847,8.573990280124455,8.910000324249268,9.394999980926514,11.390000104904175,11.920000076293945,7.079999923706055
2021-05-03,9.0,9.279999732971191,8.75,9.06999969482422,69800,0,0.0,0.02254789310547234,1.1934210274523327,8.937999963760376,9.273985601732555,8.602014325788197,8.910000324249268,9.28000020980835,11.140000104904175,11.920000076293945,7.130000114440918
2021-05-04,8.880000114440918,8.949999809265137,7.71999979019165,8.260000228881836,181100,0,0.0,-0.0893053465486453,1.0868421490172617,8.884999990463257,9.291160419181223,8.478839561745291,8.515000104904175,8.825000047683716,11.140000104904175,11.920000076293945,7.119999885559082
2021-05-05,8.1899995803833,8.670000076293945,8.15999984741211,8.569999694824219,46700,0,0.0,0.03753020064799051,1.1276315529425727,8.859999990463256,9.279024215299824,8.440975765626689,8.515000104904175,8.774999856948853,10.93500018119812,11.920000076293945,7.409999847412109
2021-05-06,8.510000228881836,8.579999923706055,8.050000190734863,8.1899995803833,61300,0,0.0,-0.04434073838653885,1.0776315372571394,8.812999963760376,9.305617360505563,8.320382567015189,8.515000104904175,8.774999856948853,10.485000133514404,11.775000095367432,7.449999809265137
2021-05-07,8.149999618530273,8.300000190734863,7.789999961853027,7.849999904632568,124700,0,0.0,-0.04151400405014671,1.0328947372548807,8.754499936103821,9.3929931959758,8.116006676231843,8.499999761581421,8.774999856948853,10.485000133514404,11.775000095367432,7.309999942779541
2021-05-10,7.820000171661377,7.940000057220459,7.71999979019165,7.849999904632568,54400,0,0.0,0.0,1.0328947372548807,8.697999954223633,9.43955159041276,7.956448318034505,8.499999761581421,8.774999856948853,10.485000133514404,11.775000095367432,7.25
2021-05-11,7.71999979019165,7.829999923706055,7.599999904632568,7.809999942779541,57100,0,0.0,-0.005095536603691109,1.0276315843134385,8.656999945640564,9.494616562541772,7.819383328739356,8.43999981880188,8.640000104904175,10.352500200271606,11.775000095367432,7.159999847412109
2021-05-12,7.789999961853027,7.840000152587891,7.320000171661377,7.510000228881836,81600,0,0.0,-0.03841225558203232,0.9881579372526219,8.579999947547913,9.535196330102922,7.624803564992904,8.299999952316284,8.410000085830688,10.132500171661377,11.775000095367432,6.96999979019165
2021-05-13,7.429999828338623,7.599999904632568,7.099999904632568,7.179999828338623,71800,0,0.0,-0.043941463446845574,0.9447368313731255,8.503499937057494,9.635581773697176,7.371418100417813,8.18999981880188,8.205000162124634,9.972500085830688,11.775000095367432,7.150000095367432
2021-05-14,7.389999866485596,7.650000095367432,6.96999979019165,7.039999961853027,100600,0,0.0,-0.019498589113196463,0.9263157960780777,8.415999937057496,9.707165601318188,7.124834272796804,7.9599997997283936,8.140000104904175,9.915000200271606,11.760000228881836,7.170000076293945
2021-05-17,6.71999979019165,6.849999904632568,5.980000019073486,6.550000190734863,306400,0,0.0,-0.0696022405927953,0.8618421411745446,8.29699993133545,9.800476435053648,6.7935234276172505,7.325000047683716,7.645000219345093,9.865000247955322,11.760000228881836,7.340000152587891
2021-05-18,6.690000057220459,7.239999771118164,6.579999923706055,7.079999923706055,105000,0,0.0,0.08091598741033468,0.93157894901952,8.208499908447266,9.778977147528323,6.638022669366207,7.2799999713897705,7.645000219345093,9.84000015258789,11.760000228881836,7.360000133514404
2021-05-19,7.079999923706055,7.360000133514404,6.75,7.28000020980835,90500,0,0.0,0.028248628284956778,0.9578947764684631,8.128999924659729,9.718552188257725,6.5394476610617325,7.140000104904175,7.645000219345093,9.857500076293945,11.760000228881836,7.789999961853027
2021-05-20,7.409999847412109,7.409999847412109,7.03000020980835,7.139999866485596,36000,0,0.0,-0.019230815836259407,0.9394736784316832,8.051499938964843,9.675236677281296,6.427763200648392,6.960000038146973,7.645000219345093,9.857500076293945,11.760000228881836,7.409999847412109
2021-05-21,7.059999942779541,7.25,6.909999847412109,6.920000076293945,83600,0,0.0,-0.030812296121223492,0.9105263372537511,7.953999948501587,9.603692656037895,6.304307240965279,6.9100000858306885,7.645000219345093,9.835000038146973,11.755000114440918,7.210000038146973
2021-05-24,6.880000114440918,6.960000038146973,6.829999923706055,6.829999923706055,50700,0,0.0,-0.013005802253703291,0.8986842117646401,7.837999963760376,9.460744322440464,6.215255605080289,6.9100000858306885,7.645000219345093,9.772500038146973,11.730000019073486,7.260000228881836
2021-05-25,7.170000076293945,7.239999771118164,7.019999980926514,7.119999885559082,43300,0,0.0,0.04245973134589276,0.9368421019609621,7.753999948501587,9.342044245771753,6.165955651231421,6.815000057220459,7.645000219345093,9.692500114440918,11.695000171661377,7.289999961853027
2021-05-26,7.139999866485596,7.28000020980835,6.920000076293945,7.059999942779541,56200,0,0.0,-0.008426958391001382,0.9289473725487988,7.658499932289123,9.169597944513498,6.147401920064749,6.815000057220459,7.645000219345093,9.642500162124634,11.695000171661377,7.050000190734863
2021-05-27,7.0,7.079999923706055,6.619999885559082,6.78000020980835,80600,0,0.0,-0.03966001915588613,0.8921053019587033,7.5479999542236325,8.97335029085384,6.122649617593425,6.694999933242798,7.645000219345093,9.620000123977661,11.695000171661377,6.809999942779541
2021-05-28,6.789999961853027,6.889999866485596,6.71999979019165,6.75,36200,0,0.0,-0.0044248095693196765,0.8881579058817556,7.4419999599456785,8.769244981755957,6.1147549381354,6.994999885559082,7.645000219345093,9.620000123977661,11.695000171661377,6.590000152587891
2021-06-01,6.760000228881836,7.099999904632568,6.75,7.079999923706055,59300,0,0.0,0.04888887758608207,0.9315789490195198,7.3424999713897705,8.443481797580842,6.2415181451986985,7.014999866485596,7.645000219345093,9.620000123977661,11.555000305175781,6.28000020980835
2021-06-02,7.070000171661377,7.070000171661377,6.78000020980835,6.880000114440918,39700,0,0.0,-0.028248560935074996,0.9052631843123088,7.273499965667725,8.30595025692201,6.241049674413438,7.014999866485596,7.629999876022339,9.645000219345093,11.365000247955322,6.619999885559082
2021-06-03,6.800000190734863,7.010000228881836,6.75,6.989999771118164,65300,0,0.0,0.015988321925512805,0.9197368235304089,7.194499969482422,8.041319985975356,6.347679952989488,6.950000047683716,7.629999876022339,9.645000219345093,11.365000247955322,6.849999904632568
2021-06-04,6.989999771118164,6.989999771118164,6.730000019073486,6.809999942779541,73600,0,0.0,-0.025751049246433566,0.8960526352939189,7.125499987602234,7.851702238443379,6.399297736761089,6.950000047683716,7.629999876022339,9.512500286102295,11.365000247955322,6.730000019073486
2021-06-07,6.809999942779541,7.119999885559082,6.809999942779541,7.119999885559082,40500,0,0.0,0.045521284197399314,0.936842101960962,7.08899998664856,7.733871451206472,6.444128522090647,6.950000047683716,7.629999876022339,9.292500257492065,11.365000247955322,6.400000095367432
2021-06-08,7.179999828338623,7.389999866485596,7.019999980926514,7.079999923706055,78300,0,0.0,-0.005617972260667625,0.9315789490195198,7.050499987602234,7.591600284937757,6.5093996902667115,7.004999876022339,7.629999876022339,9.15250015258789,11.21500015258789,6.25
2021-06-09,7.099999904632568,7.230000019073486,7.0,7.130000114440918,37300,0,0.0,0.007062173908709557,0.9381579215671885,7.016499996185303,7.432146231369365,6.6008537610012405,7.004999876022339,7.4649999141693115,9.095000267028809,11.21500015258789,6.079999923706055
2021-06-10,7.130000114440918,7.28000020980835,6.909999847412109,7.119999885559082,38200,0,0.0,-0.001402556622906892,0.9368421019609618,6.996999979019165,7.349346843547517,6.644653114490813,7.054999828338623,7.325000047683716,8.670000076293945,10.859999895095825,6.079999923706055
2021-06-11,7.099999904632568,7.489999771118164,7.039999961853027,7.409999847412109,68800,0,0.0,0.04073033237559609,0.974999992157284,7.008499979972839,7.397511090251277,6.619488869694401,7.109999895095825,7.2799999713897705,8.644999980926514,10.450000047683716,6.449999809265137
2021-06-14,7.519999980926514,7.630000114440918,7.380000114440918,7.449999809265137,62600,0,0.0,0.005398105624387695,0.9802631450987261,7.028999972343445,7.463558158371561,6.594441786315328,7.180000066757202,7.140000104904175,8.644999980926514,10.06499981880188,6.25
2021-06-15,7.539999961853027,7.539999961853027,7.230000019073486,7.309999942779541,46100,0,0.0,-0.018791928868439167,0.9618421098036785,7.0669999599456785,7.457609939076692,6.676389980814665,7.180000066757202,6.960000038146973,8.637499809265137,10.06499981880188,6.300000190734863
2021-06-16,7.309999942779541,7.389999866485596,7.230000019073486,7.25,70800,0,0.0,-0.008207926573078339,0.9539473803915152,7.075499963760376,7.4742742710605805,6.676725656460172,7.180000066757202,6.9100000858306885,8.637499809265137,10.06499981880188,6.139999866485596
2021-06-17,7.25,7.349999904632568,7.150000095367432,7.159999847412109,64300,0,0.0,-0.012413814150053826,0.9421052549024042,7.069499945640564,7.459196514258215,6.679803377022912,7.2200000286102295,6.9100000858306885,8.539999961853027,10.004999876022339,6.46999979019165
2021-06-18,7.190000057220459,7.320000171661377,6.900000095367432,6.96999979019165,70500,0,0.0,-0.02653632140636597,0.9171052470596877,7.060999941825867,7.45159955032174,6.670400333329994,7.265000104904175,6.815000057220459,8.355000019073486,9.865000009536743,6.150000095367432
2021-06-21,7.070000171661377,7.380000114440918,6.909999847412109,7.150000095367432,86000,0,0.0,0.025825008693555862,0.9407894980379098,7.072499942779541,7.459301041534724,6.685698844024358,7.265000104904175,6.815000057220459,8.197499990463257,9.754999876022339,6.329999923706055
2021-06-22,7.079999923706055,7.170000076293945,7.03000020980835,7.170000076293945,22100,0,0.0,0.0027972000922729112,0.9434210745086308,7.0894999504089355,7.461626939664511,6.71737296115336,7.265000104904175,6.805000066757202,8.049999952316284,9.68999981880188,6.369999885559082
2021-06-23,7.25,7.340000152587891,7.130000114440918,7.340000152587891,36500,0,0.0,0.023709912759417362,0.9657895058806262,7.100499963760376,7.488428528010825,6.712571399509926,7.265000104904175,7.105000019073486,7.485000133514404,9.194999933242798,6.21999979019165
2021-06-24,7.389999866485596,7.400000095367432,7.25,7.360000133514404,39000,0,0.0,0.0027247929851148545,0.9684210823513473,7.115499973297119,7.519062339064433,6.711937607529805,7.265000104904175,7.125,7.462500095367432,9.194999933242798,6.289999961853027
2021-06-25,7.400000095367432,7.789999961853027,7.349999904632568,7.789999961853027,133400,0,0.0,0.058423888660080525,1.025000007842717,7.165999960899353,7.636932649170785,6.695067272627921,7.3450000286102295,7.204999923706055,7.392500162124634,9.194999933242798,6.349999904632568
2021-06-28,7.929999828338623,7.940000057220459,7.28000020980835,7.409999847412109,88300,0,0.0,-0.048780502734498854,0.9749999921572841,7.198999953269959,7.639932327347047,6.75806757919287,7.420000076293945,7.2799999713897705,7.302500128746033,9.194999933242798,6.179999828338623
2021-06-29,7.369999885559082,7.400000095367432,7.199999809265137,7.210000038146973,50500,0,0.0,-0.026990528121938473,0.9486842274500731,7.205499958992005,7.643006263915219,6.76799365406879,7.420000076293945,7.2799999713897705,7.277500152587891,9.194999933242798,6.360000133514404
2021-06-30,7.199999809265137,7.389999866485596,7.059999942779541,7.260000228881836,156400,0,0.0,0.006934839177575647,0.9552631999977419,7.224499964714051,7.635754766968477,6.813245162459625,7.420000076293945,7.2799999713897705,7.277500152587891,9.194999933242798,6.820000171661377
2021-07-01,7.230000019073486,7.369999885559082,7.150000095367432,7.289999961853027,41100,0,0.0,0.00413219449385771,0.9592105333329575,7.239499974250793,7.636953913518154,6.842046034983433,7.424999952316284,7.2799999713897705,7.230000138282776,9.194999933242798,6.75
2021-07-02,7.329999923706055,7.550000190734863,6.690000057220459,7.050000190734863,147900,0,0.0,-0.032921779475175605,0.9276316156843043,7.251499986648559,7.608361355650746,6.894638617646373,7.315000057220459,7.2799999713897705,7.230000138282776,9.194999933242798,6.690000057220459
2021-07-06,6.949999809265137,6.989999771118164,6.619999885559082,6.809999942779541,113900,0,0.0,-0.034042587441448835,0.8960526352939189,7.235999989509582,7.638856583461824,6.83314339555734,7.2799999713897705,7.2799999713897705,7.170000076293945,9.194999933242798,6.639999866485596
2021-07-07,6.809999942779541,6.820000171661377,6.559999942779541,6.590000152587891,76600,0,0.0,-0.032305402649072,0.8671052941159868,7.2115000009536745,7.700706016394413,6.722293985512936,7.25,7.25,7.320000052452087,9.194999933242798,6.659999847412109
2021-07-08,6.5,6.820000171661377,6.25,6.28000020980835,159400,0,0.0,-0.047040961396306535,0.8263158274489436,7.1690000057220455,7.806270437980103,6.531729573463988,7.0950000286102295,7.0950000286102295,7.330000042915344,9.194999933242798,6.75
2021-07-09,6.230000019073486,6.730000019073486,6.230000019073486,6.619999885559082,81800,0,0.0,0.0541400739477218,0.8710526274512024,7.144000005722046,7.825205490386245,6.462794521057847,7.085000038146973,7.085000038146973,7.322499871253967,9.194999933242798,6.96999979019165
2021-07-12,6.630000114440918,6.909999847412109,6.510000228881836,6.849999904632568,60400,0,0.0,0.03474320589872071,0.9013157882353612,7.116000008583069,7.797205515042985,6.434794502123153,6.890000104904175,7.085000038146973,7.289999961853027,9.194999933242798,5.579999923706055
2021-07-13,6.840000152587891,6.980000019073486,6.690000057220459,6.730000019073486,29300,0,0.0,-0.017518231712372434,0.8855263294110345,7.080000019073486,7.762913039234473,6.397086998912499,6.890000104904175,7.085000038146973,7.289999961853027,8.930000066757202,5.769999980926514
2021-07-14,6.730000019073486,6.880000114440918,6.389999866485596,6.400000095367432,39300,0,0.0,-0.0490341638589602,0.8421052862732703,7.034500026702881,7.769887758682035,6.299112294723727,6.890000104904175,7.085000038146973,7.289999961853027,8.490000009536743,5.179999828338623
2021-07-15,6.320000171661377,6.440000057220459,6.199999809265137,6.25,39900,0,0.0,-0.023437514551915006,0.822368431371996,6.9845000267028805,7.788074207463832,6.180925845941929,6.875,7.069999933242798,7.317499876022339,8.169999837875366,5.21999979019165
2021-07-16,6.420000076293945,6.449999809265137,6.079999923706055,6.079999923706055,29800,0,0.0,-0.027200012207031277,0.8000000000000006,6.930500030517578,7.821077170558578,6.0399228904765785,6.534999847412109,7.009999990463257,7.234999895095825,8.055000066757202,5.139999866485596
2021-07-19,5.860000133514404,6.25,5.809999942779541,6.079999923706055,62400,0,0.0,0.0,0.8000000000000006,6.886000037193298,7.850913666201217,5.92108640818538,6.394999980926514,6.875,7.189999938011169,7.955000162124633,5.519999980926514
2021-07-20,6.150000095367432,6.659999847412109,6.150000095367432,6.449999809265137,59100,0,0.0,0.06085524509900808,0.8486841960792071,6.851000022888184,7.82590940939427,5.876090636382098,6.394999980926514,6.875,7.194999933242798,7.904999971389771,5.360000133514404
2021-07-21,6.369999885559082,6.610000133514404,6.199999809265137,6.25,38800,0,0.0,-0.031007723283626443,0.8223684313719961,6.8050000190734865,7.80216985800675,5.807830180140223,6.394999980926514,6.875,7.1600000858306885,7.904999971389771,5.380000114440918
2021-07-22,6.25,6.5,6.050000190734863,6.300000190734863,40100,0,0.0,0.008000030517578027,0.8289474039196648,6.753000020980835,7.741486189940458,5.764513852021212,6.394999980926514,6.875,7.070000052452087,7.904999971389771,5.570000171661377
2021-07-23,6.360000133514404,6.389999866485596,6.079999923706055,6.139999866485596,35400,0,0.0,-0.025396876096063115,0.8078947294121639,6.692000007629394,7.673599720663232,5.710400294595557,6.394999980926514,6.875,7.045000076293945,7.904999971389771,5.480000019073486
2021-07-26,6.25,6.480000019073486,6.170000076293945,6.46999979019165,28800,0,0.0,0.05374591708174403,0.8513157725499281,6.625999999046326,7.4698765022940945,5.782123495798557,6.3450000286102295,6.875,7.065000057220459,7.830000162124633,5.489999771118164
2021-07-27,6.699999809265137,6.699999809265137,6.110000133514404,6.150000095367432,42100,0,0.0,-0.04945899616709881,0.8092105490183904,6.563000011444092,7.348883016232269,5.7771170066559145,6.254999876022339,6.875,7.040000081062317,7.740000009536743,5.409999847412109
2021-07-28,6.28000020980835,6.369999885559082,6.159999847412109,6.329999923706055,26400,0,0.0,0.029268264316647752,0.8328947372548803,6.519000005722046,7.251203291009231,5.786796720434861,6.254999876022339,6.875,7.040000081062317,7.645000219345093,5.5
2021-07-29,6.429999828338623,6.460000038146973,6.28000020980835,6.369999885559082,35000,0,0.0,0.006319109373639442,0.8381578901963226,6.474499988555908,7.123795207373002,5.825204769738814,6.254999876022339,6.875,7.0350000858306885,7.645000219345093,5.369999885559082
2021-07-30,6.5,6.5,6.099999904632568,6.21999979019165,32700,0,0.0,-0.023547896085129416,0.8184210352950483,6.420999979972839,6.958253825837052,5.883746134108626,6.375,6.875,7.185000061988831,7.645000219345093,5.429999828338623
2021-08-02,6.21999979019165,6.389999866485596,6.210000038146973,6.289999961853027,29100,0,0.0,0.011254047270509604,0.8276315843134382,6.382999968528748,6.837178055550153,5.928821881507343,6.375,6.875,7.195000052452087,7.645000219345093,5.329999923706055
2021-08-03,6.28000020980835,6.360000133514404,6.239999771118164,6.349999904632568,25200,0,0.0,0.009538941676219936,0.8355263137256016,6.359999966621399,6.769259975457223,5.950739957785575,6.375,6.875,7.274999976158142,7.645000219345093,5.329999923706055
2021-08-04,6.230000019073486,6.349999904632568,6.119999885559082,6.179999828338623,24100,0,0.0,-0.026771665960171664,0.8131578823536062,6.3394999504089355,6.741556486454107,5.937443414363764,6.389999866485596,6.680000066757202,7.350000023841858,7.645000219345093,5.440000057220459
2021-08-05,6.260000228881836,6.860000133514404,6.159999847412109,6.360000133514404,469500,0,0.0,0.02912626378246541,0.8368421333318283,6.343499946594238,6.744690592384694,5.942309300803783,6.480000019073486,6.680000066757202,7.350000023841858,7.645000219345093,5.300000190734863
2021-08-06,6.440000057220459,6.900000095367432,6.21999979019165,6.820000171661377,220200,0,0.0,0.07232704850475935,0.8973684549001457,6.353499960899353,6.790534672443082,5.916465249355625,6.5,6.680000066757202,7.350000023841858,7.645000219345093,5.130000114440918
2021-08-09,6.829999923706055,6.889999866485596,6.659999847412109,6.75,76600,0,0.0,-0.010263954530711494,0.8881579058817558,6.348499965667725,6.764243567081213,5.932756364254237,6.5,6.680000066757202,7.352499961853027,7.645000219345093,5.079999923706055
2021-08-10,6.71999979019165,6.789999961853027,6.570000171661377,6.690000057220459,46400,0,0.0,-0.008888880411783817,0.8802631764695925,6.346499967575073,6.755130915759793,5.937869019390353,6.5,6.3999998569488525,7.297500014305115,7.645000219345093,4.980000019073486
2021-08-11,6.690000057220459,6.690000057220459,6.5,6.639999866485596,34800,0,0.0,-0.007473870001077021,0.8736842039219237,6.358499956130982,6.7865598489575465,5.930440063304417,6.5,6.394999980926514,7.2799999713897705,7.645000219345093,5.25
2021-08-12,6.590000152587891,6.989999771118164,6.420000076293945,6.659999847412109,61400,0,0.0,0.003012045380823114,0.8763157803926448,6.378999948501587,6.823449172044222,5.934550724958952,6.554999828338623,6.3999998569488525,7.25,7.645000219345093,5.340000152587891
2021-08-13,6.579999923706055,7.03000020980835,6.480000019073486,6.75,173000,0,0.0,0.013513536734218068,0.8881579058817558,6.412499952316284,6.862778303423487,5.962221601209081,6.575000047683716,6.420000076293945,7.0950000286102295,7.645000219345093,5.139999866485596
2021-08-16,6.849999904632568,6.96999979019165,6.460000038146973,6.96999979019165,124200,0,0.0,0.03259256150987411,0.9171052470596879,6.456999945640564,6.942006423413799,5.971993467867328,6.575000047683716,6.420000076293945,7.085000038146973,7.629999876022339,5.190000057220459
2021-08-17,6.269999980926514,6.269999980926514,5.25,5.579999923706055,415500,0,0.0,-0.19942609875564654,0.7342105254902409,6.41349995136261,7.0324339645476766,5.794565938177543,6.140000104904175,6.140000104904175,6.987500071525574,7.629999876022339,5.059999942779541
2021-08-18,5.559999942779541,5.929999828338623,5.5,5.769999980926514,109600,0,0.0,0.03405018993159192,0.7592105333329575,6.389499950408935,7.067047144192799,5.711952756625072,6.140000104904175,6.140000104904175,6.987500071525574,7.629999876022339,5.190000057220459
2021-08-19,5.670000076293945,5.760000228881836,5.110000133514404,5.179999828338623,98900,0,0.0,-0.10225305971199528,0.6815789333340868,6.333499932289124,7.194052288444196,5.472947576134052,6.070000171661377,6.070000171661377,6.987500071525574,7.629999876022339,5.639999866485596
2021-08-20,5.119999885559082,5.389999866485596,5.119999885559082,5.21999979019165,44700,0,0.0,0.00772200061362871,0.686842086275529,6.287499928474427,7.27497877245516,5.300021084493693,6.070000171661377,6.070000171661377,6.972499966621399,7.629999876022339,5.800000190734863
2021-08-23,5.21999979019165,5.349999904632568,4.980000019073486,5.139999866485596,161300,0,0.0,-0.015325656498372697,0.6763157803926446,6.220999932289123,7.324055660858931,5.117944203719316,6.005000114440918,6.005000114440918,6.772499918937683,7.4649999141693115,5.360000133514404
2021-08-24,5.159999847412109,5.710000038146973,5.090000152587891,5.519999980926514,258700,0,0.0,0.07392998527463734,0.7263157960780777,6.189499926567078,7.334513617351435,5.0444862357827205,6.005000114440918,6.005000114440918,6.634999990463257,7.240000009536743,5.25
2021-08-25,5.480000019073486,5.630000114440918,5.139999866485596,5.360000133514404,77400,0,0.0,-0.028985479703797723,0.7052631843123089,6.1409999370574955,7.339613124913396,4.942386749201595,6.005000114440918,6.005000114440918,6.634999990463257,7.194999933242798,5.139999866485596
2021-08-26,5.389999866485596,5.550000190734863,5.329999923706055,5.380000114440918,39700,0,0.0,0.0037313396321503323,0.70789476078303,6.091499948501587,7.329746444845487,4.853253452157688,5.974999904632568,6.005000114440918,6.634999990463257,7.055000066757202,5.269999980926514
2021-08-27,5.360000133514404,5.630000114440918,5.360000133514404,5.570000171661377,40700,0,0.0,0.03531599501465865,0.7328947686257465,6.058999967575073,7.316232006742013,4.801767928408134,5.625,6.005000114440918,6.634999990463257,6.875,5.239999771118164
2021-08-30,5.579999923706055,5.75,5.429999828338623,5.480000019073486,27500,0,0.0,-0.01615801612462897,0.7210526431366355,6.018499970436096,7.295603228939409,4.741396711932784,5.454999923706055,6.005000114440918,6.634999990463257,6.875,5.139999866485596
2021-08-31,5.5,5.610000133514404,5.400000095367432,5.489999771118164,44600,0,0.0,0.0018247722645754472,0.7223684000011301,5.975499963760376,7.263044431291922,4.687955496228829,5.370000123977661,6.005000114440918,6.610000014305115,6.875,5.239999771118164
2021-09-01,5.480000019073486,5.630000114440918,5.369999885559082,5.409999847412109,41100,0,0.0,-0.014571935708798889,0.7118420941182457,5.93699996471405,7.243896860044944,4.630103069383156,5.365000009536743,6.005000114440918,6.564999938011169,6.875,5.210000038146973
2021-09-02,5.400000095367432,5.570000171661377,5.400000095367432,5.5,25600,0,0.0,0.01663588819340589,0.7236842196073567,5.89399995803833,7.198966184467604,4.589033731609057,5.365000009536743,6.005000114440918,6.564999938011169,6.875,5.210000038146973
2021-09-03,5.409999847412109,5.570000171661377,5.369999885559082,5.369999885559082,38400,0,0.0,-0.023636384443803227,0.7065789411768035,5.821499943733215,7.072029977945683,4.570969909520747,5.420000076293945,6.005000114440918,6.564999938011169,6.875,5.260000228881836
2021-09-07,5.429999828338623,5.710000038146973,5.309999942779541,5.429999828338623,42500,0,0.0,0.01117317394007622,0.7144736705889668,5.755499935150146,6.939936774139312,4.57106309616098,5.444999933242798,6.005000114440918,6.625,6.875,5.46999979019165
2021-09-08,5.440000057220459,5.440000057220459,5.28000020980835,5.329999923706055,38100,0,0.0,-0.0184161892806477,0.7013157882353612,5.687499928474426,6.8029498170546,4.572050039894252,5.515000104904175,6.005000114440918,6.625,6.875,5.53000020980835
2021-09-09,5.269999980926514,5.369999885559082,5.25,5.329999923706055,12700,0,0.0,0.0,0.7013157882353612,5.621999931335449,6.656061354541111,4.587938508129787,5.5,6.005000114440918,6.625,6.875,5.46999979019165
2021-09-10,5.340000152587891,5.489999771118164,5.260000228881836,5.440000057220459,72800,0,0.0,0.020637924031698507,0.7157894901951933,5.560999941825867,6.4791968740303325,4.642803009621401,5.5,6.005000114440918,6.534999966621399,6.875,5.309999942779541
2021-09-13,5.460000038146973,5.46999979019165,5.300000190734863,5.300000190734863,22000,0,0.0,-0.025735269303862496,0.6973684549001455,5.48849995136261,6.229960829258376,4.747039073466844,5.480000019073486,6.005000114440918,6.580000042915344,6.875,5.360000133514404
2021-09-14,5.300000190734863,5.340000152587891,5.050000190734863,5.130000114440918,43200,0,0.0,-0.03207548493887402,0.67500002352815,5.396499967575073,5.709149181645084,5.083850753505062,5.380000114440918,6.005000114440918,6.590000033378601,6.875,5.320000171661377
2021-09-15,5.179999828338623,5.210000038146973,5.019999980926514,5.079999923706055,44600,0,0.0,-0.009746625656812946,0.6684210509804812,5.371499967575073,5.701147918436894,5.041852016713253,5.365000009536743,6.005000114440918,6.590000033378601,6.875,5.199999809265137
2021-09-16,5.019999980926514,5.070000171661377,4.980000019073486,4.980000019073486,39100,0,0.0,-0.0196850208926016,0.6552631686268757,5.331999969482422,5.650182828066089,5.0138171108987555,5.3450000286102295,6.005000114440918,6.449999928474426,6.875,5.179999828338623
2021-09-17,5.0,5.28000020980835,4.940000057220459,5.25,37700,0,0.0,0.05421686343221066,0.6907894823524767,5.33549997806549,5.648356049712006,5.022643906418975,5.325000047683716,5.985000133514404,6.447499990463257,6.875,5.159999847412109
2021-09-20,5.0,5.340000152587891,4.869999885559082,5.340000152587891,124900,0,0.0,0.017142886207217156,0.7026316078415876,5.341499996185303,5.6497858570662,5.033214135304406,5.179999828338623,5.950000047683716,6.477499842643738,6.875,5.199999809265137
2021-09-21,5.21999979019165,5.269999980926514,5.059999942779541,5.139999866485596,43400,0,0.0,-0.03745323602760009,0.6763157803926445,5.341499996185303,5.6497858570662,5.033214135304406,5.179999828338623,5.919999837875366,6.497500061988831,6.875,5.119999885559082
2021-09-22,5.139999866485596,5.199999809265137,5.090000152587891,5.190000057220459,16900,0,0.0,0.009727663819775634,0.6828947529403133,5.325,5.628541990498143,5.021458009501857,5.179999828338623,5.569999933242798,6.497500061988831,6.875,5.110000133514404
2021-09-23,5.190000057220459,5.239999771118164,4.989999771118164,5.059999942779541,48700,0,0.0,-0.025048191330953595,0.6657894745097601,5.309999990463257,5.634313055468923,4.98568692545759,5.169999837875366,5.3999998569488525,6.140000104904175,6.5950000286102295,5.070000171661377
2021-09-24,4.960000038146973,5.289999961853027,4.960000038146973,5.190000057220459,44700,0,0.0,0.025691722512057424,0.6828947529403134,5.300499987602234,5.627202918664611,4.9737970565398575,5.105000019073486,5.315000057220459,6.140000104904175,6.5950000286102295,5.400000095367432
2021-09-27,5.25,5.650000095367432,5.210000038146973,5.639999866485596,95600,0,0.0,0.08670516460574706,0.7421052549024043,5.303999972343445,5.643565238164738,4.964434706522152,5.259999990463257,5.309999942779541,6.070000171661377,6.525000095367432,5.360000133514404
2021-09-28,5.989999771118164,6.210000038146973,5.650000095367432,5.800000190734863,65700,0,0.0,0.028368852488815266,0.7631579294099052,5.3199999809265135,5.717175286597458,4.922824675255569,5.539999961853027,5.539999961853027,6.070000171661377,6.525000095367432,5.409999847412109
2021-09-29,5.659999847412109,5.75,5.300000190734863,5.360000133514404,109900,0,0.0,-0.07586207633636488,0.7052631843123088,5.313499999046326,5.70344566005795,4.923554338034702,5.539999961853027,5.539999961853027,6.005000114440918,6.460000038146973,5.400000095367432
2021-09-30,5.409999847412109,5.409999847412109,5.230000019073486,5.25,28800,0,0.0,-0.020522412457904204,0.6907894823524767,5.30550000667572,5.6937412486641445,4.917258764687295,5.539999961853027,5.539999961853027,6.005000114440918,6.460000038146973,5.239999771118164
2021-10-01,5.21999979019165,5.260000228881836,5.070000171661377,5.139999866485596,40700,0,0.0,-0.02095240638369611,0.6763157803926445,5.2875,5.6713101418949154,4.903689858105084,5.585000038146973,5.539999961853027,6.005000114440918,6.460000038146973,5.429999828338623
2021-10-04,5.079999923706055,5.360000133514404,5.079999923706055,5.269999980926514,42300,0,0.0,0.025291851715514513,0.6934210588231977,5.282500004768371,5.664461917596465,4.900538091940278,5.585000038146973,5.539999961853027,5.990000009536743,6.460000038146973,5.340000152587891
2021-10-05,5.260000228881836,5.340000152587891,5.139999866485596,5.239999771118164,27600,0,0.0,-0.005692639452927528,0.68947366274625,5.273000001907349,5.649159921582918,4.89684008223178,5.585000038146973,5.539999961853027,5.815000057220459,6.460000038146973,5.21999979019165
2021-10-06,5.170000076293945,5.21999979019165,5.099999904632568,5.139999866485596,43300,0,0.0,-0.01908395209933933,0.6763157803926445,5.263499999046326,5.6430404554358,4.883959542656852,5.585000038146973,5.539999961853027,5.730000019073486,6.460000038146973,5.199999809265137
2021-10-07,5.139999866485596,5.239999771118164,5.099999904632568,5.239999771118164,31500,0,0.0,0.01945523486967371,0.6894736627462501,5.258999991416931,5.637400046848541,4.880599935985321,5.640000104904175,5.539999961853027,5.6875001192092896,6.460000038146973,5.210000038146973
2021-10-08,5.239999771118164,5.28000020980835,5.170000076293945,5.210000038146973,19300,0,0.0,-0.0057251401300709714,0.6855263294110345,5.247499990463257,5.616977097386991,4.878022883539522,5.640000104904175,5.539999961853027,5.685000061988831,6.460000038146973,5.260000228881836
2021-10-11,5.25,5.269999980926514,5.099999904632568,5.210000038146973,24400,0,0.0,0.0,0.6855263294110345,5.2429999828338625,5.611996574636434,4.874003391031291,5.4100000858306885,5.539999961853027,5.685000061988831,6.460000038146973,4.739999771118164
2021-10-12,5.199999809265137,5.28000020980835,5.079999923706055,5.260000228881836,31700,0,0.0,0.00959696552183642,0.6921053019587033,5.249499988555908,5.614827673558673,4.884172303553144,5.240000009536743,5.539999961853027,5.712500095367432,6.460000038146973,4.579999923706055
2021-10-13,5.28000020980835,5.630000114440918,5.150000095367432,5.46999979019165,46300,0,0.0,0.03992386923421409,0.7197368235304089,5.268999981880188,5.637711514157516,4.90028844960286,5.3500001430511475,5.539999961853027,5.725000023841858,6.460000038146973,4.570000171661377
2021-10-14,5.5,5.75,5.46999979019165,5.53000020980835,48000,0,0.0,0.010968998522502105,0.7276316156843043,5.2964999914169315,5.6567448895513195,4.9362550932825435,5.414999961853027,5.539999961853027,5.760000109672546,6.460000038146973,4.400000095367432
2021-10-15,5.590000152587891,5.619999885559082,5.440000057220459,5.46999979019165,26100,0,0.0,-0.010849985052492128,0.7197368235304089,5.307499980926513,5.6748366779457795,4.940163283907247,5.414999961853027,5.539999961853027,5.752500057220459,6.460000038146973,4.389999866485596
2021-10-18,5.510000228881836,5.510000228881836,5.179999828338623,5.309999942779541,26600,0,0.0,-0.029250430264916583,0.6986842117646401,5.305999970436096,5.673035185478847,4.938964755393345,5.414999961853027,5.539999961853027,5.752500057220459,6.265000104904175,4.409999847412109
2021-10-19,5.28000020980835,5.420000076293945,5.210000038146973,5.360000133514404,54100,0,0.0,0.009416231878279557,0.7052631843123089,5.316999983787537,5.676504639277524,4.95749532829755,5.414999961853027,5.539999961853027,5.742500066757202,6.265000104904175,4.610000133514404
2021-10-20,5.199999809265137,5.5,5.199999809265137,5.320000171661377,57300,0,0.0,-0.0074626792643007756,0.7000000313708667,5.323499989509583,5.678201915915785,4.968798063103381,5.414999961853027,5.539999961853027,5.692500114440918,6.265000104904175,4.550000190734863
2021-10-21,5.269999980926514,5.389999866485596,5.170000076293945,5.199999809265137,35500,0,0.0,-0.02255645836920439,0.684210509804808,5.330499982833862,5.669115826568431,4.991884139099293,5.414999961853027,5.539999961853027,5.685000061988831,6.265000104904175,4.599999904632568
2021-10-22,5.25,5.349999904632568,5.170000076293945,5.179999828338623,27000,0,0.0,-0.0038461503192516178,0.6815789333340869,5.32999997138977,5.6694820233918986,4.990517919387642,5.414999961853027,5.539999961853027,5.675000071525574,6.005000114440918,4.460000038146973
2021-10-25,5.150000095367432,5.260000228881836,5.119999885559082,5.159999847412109,34900,0,0.0,-0.003861000306814355,0.6789473568633658,5.305999970436096,5.621169337207903,4.990830603664289,5.434999942779541,5.539999961853027,5.65500009059906,5.985000133514404,4.28000020980835
2021-10-26,5.139999866485596,5.230000019073486,5.139999866485596,5.199999809265137,33700,0,0.0,0.007751930820906638,0.684210509804808,5.27599995136261,5.4965052075912535,5.055494695133966,5.434999942779541,5.585000038146973,5.564999938011169,5.950000047683716,4.269999980926514
2021-10-27,5.159999847412109,5.210000038146973,5.119999885559082,5.119999885559082,20800,0,0.0,-0.015384601277006582,0.6736842039219236,5.263999938964844,5.491011157203243,5.036988720726445,5.369999885559082,5.585000038146973,5.549999833106995,5.950000047683716,4.119999885559082
2021-10-28,5.199999809265137,5.199999809265137,5.019999980926514,5.110000133514404,58500,0,0.0,-0.0019530766148807555,0.6723684470574292,5.256999945640564,5.493836244697431,5.020163646583696,5.265000104904175,5.585000038146973,5.3749998807907104,5.950000047683716,4.300000190734863
2021-10-29,5.050000190734863,5.210000038146973,5.039999961853027,5.070000171661377,30000,0,0.0,-0.007827780980020682,0.667105294115987,5.253499960899353,5.49915107065746,5.007848851141246,5.259999990463257,5.585000038146973,5.284999847412109,5.950000047683716,4.269999980926514
2021-11-01,5.139999866485596,5.400000095367432,5.139999866485596,5.400000095367432,67900,0,0.0,0.0650887401445428,0.7105263372537513,5.259999966621399,5.5138858073040975,5.0061141259387,5.259999990463257,5.615000009536743,5.210000038146973,5.950000047683716,4.329999923706055
2021-11-02,5.400000095367432,5.429999828338623,5.289999961853027,5.360000133514404,21800,0,0.0,-0.00740740021233377,0.705263184312309,5.265999984741211,5.523397472906605,5.008602496575818,5.224999904632568,5.615000009536743,5.284999966621399,5.950000047683716,4.199999809265137
2021-11-03,5.360000133514404,5.550000190734863,5.289999961853027,5.409999847412109,52400,0,0.0,0.009328304599298898,0.7118420941182457,5.279499983787536,5.53737420352736,5.021625764047712,5.2850000858306885,5.384999990463257,5.539999961853027,5.950000047683716,4.119999885559082
2021-11-04,5.389999866485596,5.690000057220459,5.300000190734863,5.400000095367432,21600,0,0.0,-0.0018483830548463587,0.7105263372537513,5.2875,5.549913199458709,5.02508680054129,5.355000019073486,5.384999990463257,5.539999961853027,5.950000047683716,3.9600000381469727
2021-11-05,5.369999885559082,5.46999979019165,5.21999979019165,5.239999771118164,47700,0,0.0,-0.029629689152511185,0.6894736627462503,5.28899998664856,5.54994707697794,5.0280528963191795,5.355000019073486,5.384999990463257,5.539999961853027,5.950000047683716,3.9700000286102295
2021-11-08,5.260000228881836,5.449999809265137,5.179999828338623,5.429999828338623,141700,0,0.0,0.03625955448847562,0.7144736705889668,5.2999999761581424,5.5652582340844745,5.03474171823181,5.355000019073486,5.384999990463257,5.5625,5.950000047683716,4.050000190734863
2021-11-09,5.480000019073486,5.590000152587891,5.289999961853027,5.340000152587891,42000,0,0.0,-0.016574526444924187,0.702631607841588,5.303999972343445,5.5691362577356145,5.0388636869512755,5.355000019073486,5.384999990463257,5.5625,5.950000047683716,3.900000095367432
2021-11-10,5.349999904632568,5.389999866485596,5.070000171661377,5.21999979019165,28500,0,0.0,-0.02247197733469819,0.6868420862755292,5.291499972343445,5.547469779020632,5.035530165666257,5.365000009536743,5.384999990463257,5.5625,5.950000047683716,4.03000020980835
2021-11-11,5.21999979019165,5.28000020980835,5.119999885559082,5.199999809265137,32200,0,0.0,-0.003831414124593202,0.6842105098048081,5.274999952316284,5.508690750887911,5.041309153744657,5.380000114440918,5.384999990463257,5.5625,5.950000047683716,3.9600000381469727
2021-11-12,5.159999847412109,5.269999980926514,5.150000095367432,5.210000038146973,18000,0,0.0,0.0019231210093542117,0.6855263294110348,5.26199996471405,5.479011477166905,5.044988452261196,5.380000114440918,5.384999990463257,5.590000033378601,5.950000047683716,3.910000085830689
2021-11-15,5.269999980926514,5.269999980926514,4.96999979019165,5.260000228881836,181500,0,0.0,0.00959696552183642,0.6921053019587036,5.259499979019165,5.475378851456336,5.043621106581995,5.329999923706055,5.359999895095825,5.590000033378601,5.950000047683716,3.869999885559082
2021-11-16,4.739999771118164,5.03000020980835,4.409999847412109,4.739999771118164,288700,0,0.0,-0.09885939831493373,0.6236841882364906,5.228499960899353,5.537113667995116,4.919886253803591,5.049999952316284,5.079999923706055,5.475000023841858,5.950000047683716,3.9700000286102295
2021-11-17,4.690000057220459,4.71999979019165,4.519999980926514,4.579999923706055,70200,0,0.0,-0.033755243700015036,0.6026315764707219,5.191499948501587,5.6074866405079264,4.775513256495247,5.0,5.079999923706055,5.389999985694885,5.950000047683716,3.940000057220459
2021-11-18,4.539999961853027,4.71999979019165,4.400000095367432,4.570000171661377,72800,0,0.0,-0.002183352011190909,0.6013158196062274,5.159999966621399,5.6571075803964606,4.662892352846337,4.995000123977661,5.075000047683716,5.445000052452087,5.950000047683716,3.920000076293945
2021-11-19,4.539999961853027,4.619999885559082,4.349999904632568,4.400000095367432,67600,0,0.0,-0.03719914002369573,0.578947388234232,5.120999979972839,5.719054413830288,4.52294554611539,4.9700000286102295,5.019999980926514,5.477499961853027,5.950000047683716,3.849999904632568
2021-11-22,4.380000114440918,4.46999979019165,4.320000171661377,4.389999866485596,55200,0,0.0,-0.0022727792420651483,0.5776315686280054,5.082499980926514,5.760297792963081,4.404702168889946,4.855000019073486,5.005000114440918,5.477499961853027,5.950000047683716,3.839999914169312
2021-11-23,4.340000152587891,4.519999980926514,4.340000152587891,4.409999847412109,61900,0,0.0,0.004555804449835721,0.5802631450987265,5.042999982833862,5.7790370547849745,4.30696291088275,4.800000190734863,5.005000114440918,5.477499961853027,5.950000047683716,3.930000066757202
2021-11-24,4.409999847412109,4.679999828338623,4.409999847412109,4.610000133514404,28200,0,0.0,0.04535154036788902,0.6065789725476696,5.017499995231629,5.7763350215880385,4.258664968875219,4.795000076293945,5.005000114440918,5.477499961853027,5.950000047683716,4.03000020980835
2021-11-26,4.630000114440918,4.71999979019165,4.489999771118164,4.550000190734863,34100,0,0.0,-0.013015171592587471,0.5986842431355063,4.9894999980926515,5.77379586973022,4.205204126455083,4.795000076293945,5.005000114440918,5.477499961853027,5.950000047683716,3.9600000381469727
2021-11-29,4.650000095367432,4.769999980926514,4.510000228881836,4.599999904632568,23400,0,0.0,0.010988947648731706,0.605263152941443,4.965999984741211,5.7674055096328765,4.164594459849546,4.675000190734863,5.005000114440918,5.477499961853027,5.950000047683716,4.0
2021-11-30,4.559999942779541,4.630000114440918,4.400000095367432,4.460000038146973,81700,0,0.0,-0.03043475421480002,0.5868421176463953,4.918999981880188,5.723364474214559,4.114635489545817,4.545000076293945,5.005000114440918,5.477499961853027,5.950000047683716,4.019999980926514
2021-12-01,4.449999809265137,4.550000190734863,4.28000020980835,4.28000020980835,79200,0,0.0,-0.0403587055603275,0.5631579294099053,4.864999985694885,5.688678721127811,4.041321250261959,4.525000095367432,4.985000133514404,5.487499952316284,5.950000047683716,3.930000066757202
2021-12-02,4.269999980926514,4.380000114440918,4.25,4.269999980926514,43000,0,0.0,-0.002336501960658488,0.5618421098036787,4.807999992370606,5.63069873547454,3.985301249266672,4.509999990463257,4.9700000286102295,5.509999990463257,5.950000047683716,3.809999942779541
2021-12-03,4.260000228881836,4.260000228881836,4.099999904632568,4.119999885559082,68400,0,0.0,-0.0351288281118175,0.5421052549024044,4.743999981880188,5.571716661896171,3.9162833018642056,4.434999942779541,4.894999980926514,5.477499961853027,5.919999837875366,3.809999942779541
2021-12-06,4.139999866485596,4.320000171661377,4.099999904632568,4.300000190734863,87200,0,0.0,0.04368939567369812,0.5657895058806265,4.697000002861023,5.513271503469172,3.880728502252874,4.434999942779541,4.894999980926514,5.425000071525574,5.569999933242798,3.900000095367432
2021-12-07,4.260000228881836,4.389999866485596,4.230000019073486,4.269999980926514,72700,0,0.0,-0.0069767926692168025,0.5618421098036788,4.639000010490418,5.4011855118173715,3.8768145091634643,4.434999942779541,4.894999980926514,5.422500014305115,5.539999961853027,3.859999895095825
2021-12-08,4.210000038146973,4.400000095367432,4.210000038146973,4.329999923706055,77600,0,0.0,0.01405150891043383,0.5697368392158421,4.588499999046325,5.288902150525267,3.8880978475673835,4.434999942779541,4.894999980926514,5.4375,5.539999961853027,3.880000114440918
2021-12-09,4.269999980926514,4.309999942779541,4.170000076293945,4.199999809265137,42400,0,0.0,-0.03002312164699783,0.5526315607852887,4.5375,5.193190992747623,3.881809007252376,4.434999942779541,4.894999980926514,5.419999957084656,5.539999961853027,3.920000076293945
2021-12-10,4.199999809265137,4.21999979019165,4.070000171661377,4.119999885559082,36100,0,0.0,-0.01904760174740394,0.5421052549024044,4.483500003814697,5.087354063346612,3.8796459442827826,4.3500001430511475,4.880000114440918,5.335000038146973,5.539999961853027,3.880000114440918
2021-12-13,4.099999904632568,4.139999866485596,3.9600000381469727,3.9600000381469727,61600,0,0.0,-0.03883491549912932,0.5210526431366356,4.421000003814697,4.966470512898523,3.875529494730872,4.255000114440918,4.775000095367432,5.370000004768372,5.539999961853027,3.829999923706055
2021-12-14,3.880000114440918,4.050000190734863,3.849999904632568,3.9700000286102295,38700,0,0.0,0.002525250092658027,0.5223684313719961,4.356499993801117,4.780192027770102,3.9328079598321324,4.125,4.7200000286102295,5.370000004768372,5.539999961853027,3.7699999809265137
2021-12-15,4.0,4.110000133514404,3.9700000286102295,4.050000190734863,26800,0,0.0,0.020151174193477006,0.5328947686257465,4.322000014781952,4.726919152968964,3.9170808765949388,4.125,4.7200000286102295,5.370000004768372,5.539999961853027,3.75
2021-12-16,4.070000171661377,4.070000171661377,3.880000114440918,3.900000095367432,81500,0,0.0,-0.03703705884028963,0.5131579137244722,4.28800002336502,4.714418897307221,3.86158114942282,4.125,4.619999885559082,5.370000004768372,5.539999961853027,3.680000066757202
2021-12-17,3.880000114440918,4.099999904632568,3.849999904632568,4.03000020980835,62700,0,0.0,0.03333336186205149,0.5302631921550254,4.261000025272369,4.680838949150121,3.8411611013946176,4.125,4.565000057220459,5.375,5.539999961853027,3.690000057220459
2021-12-20,3.9700000286102295,4.039999961853027,3.900000095367432,3.9600000381469727,48800,0,0.0,-0.0173697687387232,0.5210526431366355,4.239000022411346,4.673418700147124,3.804581344675569,4.125,4.559999942779541,5.382500052452087,5.539999961853027,3.5899999141693115
2021-12-21,3.759999990463257,4.010000228881836,3.759999990463257,3.910000085830689,55700,0,0.0,-0.012626250463290578,0.5144737019598328,4.215000033378601,4.666293105198748,3.763706961558454,4.034999966621399,4.514999985694885,5.382500052452087,5.539999961853027,3.5899999141693115
2021-12-22,3.990000009536743,4.0,3.829999923706055,3.869999885559082,91300,0,0.0,-0.010230230023923093,0.5092105176475245,4.18800003528595,4.653934469748631,3.7220656008232695,3.9899998903274536,4.395000100135803,5.34499990940094,5.539999961853027,3.829999923706055
2021-12-23,3.869999885559082,4.260000228881836,3.869999885559082,3.9700000286102295,58400,0,0.0,0.025839831009891956,0.5223684313719961,4.156000030040741,4.5879215293682645,3.7240785307132183,4.010000109672546,4.264999985694885,5.064999938011169,5.309999942779541,3.940000057220459
2021-12-27,3.9700000286102295,4.0,3.910000085830689,3.940000057220459,60000,0,0.0,-0.007556667801907446,0.5184210666659144,4.125500023365021,4.526549501294393,3.7244505454356482,4.010000109672546,4.264999985694885,5.039999961853027,5.309999942779541,3.990000009536743
2021-12-28,3.940000057220459,3.990000009536743,3.920000076293945,3.920000076293945,50600,0,0.0,-0.005076137217272847,0.5157894901951933,4.091500031948089,4.43672689262584,3.7462731712703388,4.010000109672546,4.264999985694885,5.0350000858306885,5.305000066757202,3.920000076293945
2021-12-29,3.920000076293945,4.0,3.849999904632568,3.849999904632568,57300,0,0.0,-0.017857186300760608,0.5065789411768034,4.061000025272369,4.376842140121071,3.745157910423667,4.010000109672546,4.264999985694885,4.995000004768372,5.2799999713897705,
2021-12-30,3.849999904632568,3.9800000190734863,3.829999923706055,3.839999914169312,67200,0,0.0,-0.00259740018466581,0.5052631529414429,4.039000010490417,4.352012734034175,3.7259872869466593,4.010000109672546,4.264999985694885,4.930000066757202,5.265000104904175,
2021-12-31,3.819999933242798,3.9800000190734863,3.75,3.930000066757202,160000,0,0.0,0.02343754026029954,0.5171052784305538,4.022000014781952,4.319357529308701,3.7246425002552024,4.005000114440918,4.259999990463257,4.902500152587891,5.265000104904175,
2022-01-03,3.990000009536743,4.070000171661377,3.9600000381469727,4.03000020980835,40800,0,0.0,0.025445328588419525,0.5302631921550254,4.017500030994415,4.311457040558204,3.7235430214306264,4.005000114440918,4.259999990463257,4.900000095367432,5.265000104904175,
2022-01-04,4.03000020980835,4.090000152587891,3.9600000381469727,3.9600000381469727,48700,0,0.0,-0.0173697687387232,0.5210526431366355,4.000500023365021,4.264648758197122,3.7363512885329193,4.005000114440918,4.259999990463257,4.900000095367432,5.265000104904175,
2022-01-05,4.019999980926514,4.110000133514404,4.0,4.0,31800,0,0.0,0.010101000370632551,0.5263157960780777,3.987000024318695,4.2201363722825835,3.7538636763548063,4.005000114440918,4.190000057220459,4.840000152587891,5.265000104904175,
2022-01-06,4.03000020980835,4.03000020980835,3.9800000190734863,4.019999980926514,22300,0,0.0,0.004999995231628418,0.5289473725487988,3.971500027179718,4.144166888513993,3.798833165845442,3.930000066757202,4.150000095367432,4.775000095367432,5.265000104904175,
2022-01-07,3.990000009536743,4.03000020980835,3.930000066757202,3.930000066757202,26100,0,0.0,-0.022388038456798376,0.5171052784305538,3.9580000400543214,4.095362111682782,3.8206379684258613,3.930000066757202,4.075000047683716,4.755000114440918,5.245000123977661,
2022-01-10,4.0,4.03000020980835,3.799999952316284,3.809999942779541,69400,0,0.0,-0.030534382172842545,0.501315788235361,3.942500042915344,4.072958205889021,3.812041879941667,3.930000066757202,4.075000047683716,4.740000009536743,5.230000019073486,
2022-01-11,3.809999942779541,3.940000057220459,3.799999952316284,3.809999942779541,53800,0,0.0,0.0,0.501315788235361,3.9350000381469727,4.077406648455041,3.7925934278389053,3.930000066757202,4.075000047683716,4.664999961853027,5.1549999713897705,
2022-01-12,3.869999885559082,3.900000095367432,3.829999923706055,3.900000095367432,20700,0,0.0,0.02362208764817786,0.5131579137244722,3.9315000414848327,4.073732617422924,3.7892674655467413,3.930000066757202,4.075000047683716,4.664999961853027,5.1549999713897705,
2022-01-13,3.880000114440918,3.990000009536743,3.849999904632568,3.859999895095825,35200,0,0.0,-0.010256461357301183,0.5078947294121638,3.922000026702881,4.056386028960998,3.787614024444764,3.9550000429153442,4.075000047683716,4.664999961853027,5.1549999713897705,
2022-01-14,3.859999895095825,3.930000066757202,3.849999904632568,3.880000114440918,16700,0,0.0,0.005181404116229027,0.5105263372537511,3.921000027656555,4.056330569176945,3.7856694861361655,3.9550000429153442,4.0299999713897705,4.664999961853027,5.1549999713897705,
2022-01-18,3.829999923706055,3.930000066757202,3.829999923706055,3.920000076293945,39800,0,0.0,0.010309268214748757,0.5157894901951933,3.915500020980835,4.041158333654024,3.7898417083076463,3.9550000429153442,4.005000114440918,4.664999961853027,5.1549999713897705,
2022-01-19,3.940000057220459,3.9600000381469727,3.849999904632568,3.880000114440918,22300,0,0.0,-0.010204071702683115,0.5105263372537512,3.911500024795532,4.036318825318873,3.786681224272191,3.915000081062317,4.005000114440918,4.615000128746033,4.9100000858306885,
2022-01-20,3.920000076293945,3.940000057220459,3.819999933242798,3.829999923706055,20500,0,0.0,-0.0128866467165214,0.5039473647060825,3.9075000166893004,4.037336735471578,3.777663297907023,3.915000081062317,4.005000114440918,4.515000104904175,4.855000019073486,
2022-01-21,3.880000114440918,3.880000114440918,3.700000047683716,3.7699999809265137,45200,0,0.0,-0.01566578171664379,0.49605263529391913,3.902500021457672,4.044959822066825,3.7600402208485195,3.8650001287460327,3.980000138282776,4.422500014305115,4.799999952316284,
2022-01-24,3.700000047683716,3.75,3.559999942779541,3.75,41100,0,0.0,-0.005305034755357818,0.49342105882319803,3.8915000200271606,4.045078795975955,3.7379212440783665,3.774999976158142,3.9100000858306885,4.422500014305115,4.799999952316284,
2022-01-25,3.690000057220459,3.740000009536743,3.680000066757202,3.680000066757202,18800,0,0.0,-0.018666648864746116,0.48421054117567414,3.878500020503998,4.055903022788794,3.701097018219202,3.774999976158142,3.9100000858306885,4.372499942779541,4.799999952316284,
2022-01-26,3.690000057220459,3.849999904632568,3.680000066757202,3.690000057220459,20100,0,0.0,0.0027173886635465383,0.48552632941103463,3.8670000195503236,4.061352936542453,3.6726471025581944,3.774999976158142,3.9100000858306885,4.3450000286102295,4.799999952316284,
2022-01-27,3.680000066757202,3.759999990463257,3.569999933242798,3.5899999141693115,30500,0,0.0,-0.027100309349716856,0.47236841568656307,3.8540000200271605,4.083227048003567,3.624772992050753,3.759999990463257,3.9100000858306885,4.3424999713897705,4.799999952316284,
2022-01-28,3.5899999141693115,3.5899999141693115,3.509999990463257,3.5899999141693115,30800,0,0.0,0.0,0.47236841568656307,3.8415000200271607,4.0983372590957154,3.584662780958606,3.7350000143051147,3.8850001096725464,4.274999976158142,4.754999995231628,
2022-01-31,3.5899999141693115,3.829999923706055,3.5899999141693115,3.829999923706055,28000,0,0.0,0.06685237194282134,0.5039473647060825,3.836500012874603,4.090089074496923,3.5829109512522828,3.7350000143051147,3.8850001096725464,4.192499995231628,4.754999995231628,
2022-02-01,3.75,4.0,3.75,3.940000057220459,21300,0,0.0,0.0287206620641296,0.5184210666659146,3.8320000052452086,4.074530388856981,3.5894696216334365,3.7549999952316284,3.8100000619888306,4.137500047683716,4.754999995231628,
2022-02-02,3.930000066757202,3.990000009536743,3.849999904632568,3.990000009536743,25000,0,0.0,0.01269034304318195,0.5250000078427174,3.8335000038146974,4.079562338846502,3.5874376687828926,3.7549999952316284,3.8100000619888306,4.137500047683716,4.754999995231628,
2022-02-03,3.930000066757202,3.9800000190734863,3.849999904632568,3.920000076293945,16700,0,0.0,-0.01754384287606192,0.5157894901951935,3.8295000076293944,4.066965078866914,3.592034936391875,3.7549999952316284,3.8100000619888306,4.137500047683716,4.754999995231628,
